Rank,Major,Major_category,Total,Sample_size,Men,Women,ShareWomen,Full_time_year_round,Median,P25th,P75th,College_jobs,Non_college_jobs,Low_wage_jobs,College_jobs_binned,Non_college_jobs_binned,Median_binned,Total_binned,Sample_size_binned,Men_binned,Women_binned,ShareWomen_binned,Full_time_year_round_binned,P25th_binned,P75th_binned,Low_wage_jobs_binned
161,COSMETOLOGY SERVICES AND CULINARY ARTS,Industrial Arts & Consumer Services,10510,117,18616,11591,0.383719006,5949,29000,20000,36000,563,7384,3163,"(-152,1.52e+04]","(-148,4.95e+04]","(2.19e+04,5.13e+04]","(-270,1.31e+05]","(-2.21,1.41e+03]","(-54.7,5.8e+04]","(-307,1.02e+05]","(0.323,0.646]","(-88.8,6.67e+04]","(1.84e+04,4.4e+04]","(2.19e+04,5.63e+04]","(-48.2,1.61e+04]"
160,STUDIO ARTS,Arts,16977,182,4364,6146,0.584776403,7413,29000,19200,38300,3948,8707,3586,"(-152,1.52e+04]","(-148,4.95e+04]","(2.19e+04,5.13e+04]","(-270,1.31e+05]","(-2.21,1.41e+03]","(-54.7,5.8e+04]","(-307,1.02e+05]","(0.323,0.646]","(-88.8,6.67e+04]","(1.84e+04,4.4e+04]","(2.19e+04,5.63e+04]","(-48.2,1.61e+04]"
170,EDUCATIONAL PSYCHOLOGY,Psychology & Social Work,2854,7,522,2332,0.817098809,1211,25000,24000,34000,1488,615,82,"(-152,1.52e+04]","(-148,4.95e+04]","(2.19e+04,5.13e+04]","(-270,1.31e+05]","(-2.21,1.41e+03]","(-54.7,5.8e+04]","(-307,1.02e+05]","(0.646,0.97]","(-88.8,6.67e+04]","(1.84e+04,4.4e+04]","(2.19e+04,5.63e+04]","(-48.2,1.61e+04]"
166,OTHER FOREIGN LANGUAGES,Humanities & Liberal Arts,11204,56,3472,7732,0.690110675,3214,27500,22900,38000,2326,3703,1115,"(-152,1.52e+04]","(-148,4.95e+04]","(2.19e+04,5.13e+04]","(-270,1.31e+05]","(-2.21,1.41e+03]","(-54.7,5.8e+04]","(-307,1.02e+05]","(0.646,0.97]","(-88.8,6.67e+04]","(1.84e+04,4.4e+04]","(2.19e+04,5.63e+04]","(-48.2,1.61e+04]"
6,NUCLEAR ENGINEERING,Engineering,2573,17,2200,373,0.144966965,1449,65000,50000,102000,1142,657,244,"(-152,1.52e+04]","(-148,4.95e+04]","(5.13e+04,8.07e+04]","(-270,1.31e+05]","(-2.21,1.41e+03]","(-54.7,5.8e+04]","(-307,1.02e+05]","(-0.000969,0.323]","(-88.8,6.67e+04]","(4.4e+04,6.95e+04]","(9.07e+04,1.25e+05]","(-48.2,1.61e+04]"
149,ART HISTORY AND CRITICISM,Humanities & Liberal Arts,21030,204,3240,17790,0.845934379,9965,31000,23000,40000,5139,9738,3426,"(-152,1.52e+04]","(-148,4.95e+04]","(2.19e+04,5.13e+04]","(-270,1.31e+05]","(-2.21,1.41e+03]","(-54.7,5.8e+04]","(-307,1.02e+05]","(0.646,0.97]","(-88.8,6.67e+04]","(1.84e+04,4.4e+04]","(2.19e+04,5.63e+04]","(-48.2,1.61e+04]"
135,GENERAL MEDICAL AND HEALTH SERVICES,Health,33599,202,7574,26025,0.774576624,12809,32400,25000,45000,9364,12889,3816,"(-152,1.52e+04]","(-148,4.95e+04]","(2.19e+04,5.13e+04]","(-270,1.31e+05]","(-2.21,1.41e+03]","(-54.7,5.8e+04]","(-307,1.02e+05]","(0.646,0.97]","(-88.8,6.67e+04]","(1.84e+04,4.4e+04]","(2.19e+04,5.63e+04]","(-48.2,1.61e+04]"
86,GEOLOGY AND EARTH SCIENCE,Physical Sciences,10972,78,5813,5159,0.470196865,5008,36200,28000,47000,4858,2792,959,"(-152,1.52e+04]","(-148,4.95e+04]","(2.19e+04,5.13e+04]","(-270,1.31e+05]","(-2.21,1.41e+03]","(-54.7,5.8e+04]","(-307,1.02e+05]","(0.323,0.646]","(-88.8,6.67e+04]","(1.84e+04,4.4e+04]","(2.19e+04,5.63e+04]","(-48.2,1.61e+04]"
19,ARCHITECTURAL ENGINEERING,Engineering,2825,26,1835,990,0.350442478,1848,54000,38000,65000,1665,649,137,"(-152,1.52e+04]","(-148,4.95e+04]","(5.13e+04,8.07e+04]","(-270,1.31e+05]","(-2.21,1.41e+03]","(-54.7,5.8e+04]","(-307,1.02e+05]","(0.323,0.646]","(-88.8,6.67e+04]","(1.84e+04,4.4e+04]","(5.63e+04,9.07e+04]","(-48.2,1.61e+04]"
82,COMPUTER ADMINISTRATION MANAGEMENT AND SECURITY,Computers & Mathematics,8066,103,6607,1459,0.180882718,4936,37500,25000,50000,2354,3244,308,"(-152,1.52e+04]","(-148,4.95e+04]","(2.19e+04,5.13e+04]","(-270,1.31e+05]","(-2.21,1.41e+03]","(-54.7,5.8e+04]","(-307,1.02e+05]","(-0.000969,0.323]","(-88.8,6.67e+04]","(1.84e+04,4.4e+04]","(2.19e+04,5.63e+04]","(-48.2,1.61e+04]"
68,GENETICS,Biology & Life Science,3635,11,1075,1939,0.643331121,1487,40000,34000,45000,1675,678,201,"(-152,1.52e+04]","(-148,4.95e+04]","(2.19e+04,5.13e+04]","(-270,1.31e+05]","(-2.21,1.41e+03]","(-54.7,5.8e+04]","(-307,1.02e+05]","(0.323,0.646]","(-88.8,6.67e+04]","(1.84e+04,4.4e+04]","(2.19e+04,5.63e+04]","(-48.2,1.61e+04]"
66,MISCELLANEOUS ENGINEERING TECHNOLOGIES,Engineering,8804,125,124,0,0,5825,40000,30400,56000,2446,3896,386,"(-152,1.52e+04]","(-148,4.95e+04]","(2.19e+04,5.13e+04]","(-270,1.31e+05]","(-2.21,1.41e+03]","(-54.7,5.8e+04]","(-307,1.02e+05]","(-0.000969,0.323]","(-88.8,6.67e+04]","(1.84e+04,4.4e+04]","(2.19e+04,5.63e+04]","(-48.2,1.61e+04]"
71,INDUSTRIAL AND ORGANIZATIONAL PSYCHOLOGY,Psychology & Social Work,3014,24,132238,102352,0.436301633,1409,40000,32000,53000,559,1224,272,"(-152,1.52e+04]","(-148,4.95e+04]","(2.19e+04,5.13e+04]","(-270,1.31e+05]","(-2.21,1.41e+03]","(1.16e+05,1.74e+05]","(-307,1.02e+05]","(0.323,0.646]","(-88.8,6.67e+04]","(1.84e+04,4.4e+04]","(2.19e+04,5.63e+04]","(-48.2,1.61e+04]"
38,BUSINESS ECONOMICS,Business,13302,199,3477,1154,0.24919024,8000,46000,33000,58000,1578,4612,1284,"(-152,1.52e+04]","(-148,4.95e+04]","(2.19e+04,5.13e+04]","(-270,1.31e+05]","(-2.21,1.41e+03]","(-54.7,5.8e+04]","(-307,1.02e+05]","(-0.000969,0.323]","(-88.8,6.67e+04]","(1.84e+04,4.4e+04]","(5.63e+04,9.07e+04]","(-48.2,1.61e+04]"
43,COMPUTER AND INFORMATION SYSTEMS,Computers & Mathematics,36698,425,515,1247,0.707718502,21130,45000,30000,60000,13344,11783,1672,"(-152,1.52e+04]","(-148,4.95e+04]","(2.19e+04,5.13e+04]","(-270,1.31e+05]","(-2.21,1.41e+03]","(-54.7,5.8e+04]","(-307,1.02e+05]","(0.646,0.97]","(-88.8,6.67e+04]","(1.84e+04,4.4e+04]","(5.63e+04,9.07e+04]","(-48.2,1.61e+04]"
157,HUMAN SERVICES AND COMMUNITY ORGANIZATION,Psychology & Social Work,9374,89,5137,48415,0.904074544,5061,30000,24000,35000,2878,4595,724,"(-152,1.52e+04]","(-148,4.95e+04]","(2.19e+04,5.13e+04]","(-270,1.31e+05]","(-2.21,1.41e+03]","(-54.7,5.8e+04]","(-307,1.02e+05]","(0.646,0.97]","(-88.8,6.67e+04]","(1.84e+04,4.4e+04]","(2.19e+04,5.63e+04]","(-48.2,1.61e+04]"
23,ELECTRICAL ENGINEERING TECHNOLOGY,Engineering,11565,97,2020,973,0.325091881,5681,52000,35000,60000,5126,2686,696,"(-152,1.52e+04]","(-148,4.95e+04]","(5.13e+04,8.07e+04]","(-270,1.31e+05]","(-2.21,1.41e+03]","(-54.7,5.8e+04]","(-307,1.02e+05]","(0.323,0.646]","(-88.8,6.67e+04]","(1.84e+04,4.4e+04]","(5.63e+04,9.07e+04]","(-48.2,1.61e+04]"
32,ENGINEERING TECHNOLOGIES,Engineering,3600,39,16820,1678,0.090712509,1723,50000,43000,60000,1017,1269,142,"(-152,1.52e+04]","(-148,4.95e+04]","(2.19e+04,5.13e+04]","(-270,1.31e+05]","(-2.21,1.41e+03]","(-54.7,5.8e+04]","(-307,1.02e+05]","(-0.000969,0.323]","(-88.8,6.67e+04]","(1.84e+04,4.4e+04]","(5.63e+04,9.07e+04]","(-48.2,1.61e+04]"
128,HOSPITALITY MANAGEMENT,Business,43647,546,4416,12185,0.733991928,23106,33000,25000,42000,2325,23341,9063,"(-152,1.52e+04]","(-148,4.95e+04]","(2.19e+04,5.13e+04]","(-270,1.31e+05]","(-2.21,1.41e+03]","(-54.7,5.8e+04]","(-307,1.02e+05]","(0.646,0.97]","(-88.8,6.67e+04]","(1.84e+04,4.4e+04]","(2.19e+04,5.63e+04]","(-48.2,1.61e+04]"
117,INTERCULTURAL AND INTERNATIONAL STUDIES,Humanities & Liberal Arts,24650,184,9950,10248,0.507376968,8801,34000,24000,45000,4956,10343,3168,"(-152,1.52e+04]","(-148,4.95e+04]","(2.19e+04,5.13e+04]","(-270,1.31e+05]","(-2.21,1.41e+03]","(-54.7,5.8e+04]","(-307,1.02e+05]","(0.323,0.646]","(-88.8,6.67e+04]","(1.84e+04,4.4e+04]","(2.19e+04,5.63e+04]","(-48.2,1.61e+04]"
13,BIOMEDICAL ENGINEERING,Engineering,14955,79,80320,10907,0.119558903,5986,60000,36000,70000,6439,2471,789,"(-152,1.52e+04]","(-148,4.95e+04]","(5.13e+04,8.07e+04]","(-270,1.31e+05]","(-2.21,1.41e+03]","(5.8e+04,1.16e+05]","(-307,1.02e+05]","(-0.000969,0.323]","(-88.8,6.67e+04]","(1.84e+04,4.4e+04]","(5.63e+04,9.07e+04]","(-48.2,1.61e+04]"
20,COURT REPORTING,Law & Public Policy,1148,14,877,271,0.236062718,808,54000,50000,54000,402,528,144,"(-152,1.52e+04]","(-148,4.95e+04]","(5.13e+04,8.07e+04]","(-270,1.31e+05]","(-2.21,1.41e+03]","(-54.7,5.8e+04]","(-307,1.02e+05]","(-0.000969,0.323]","(-88.8,6.67e+04]","(4.4e+04,6.95e+04]","(2.19e+04,5.63e+04]","(-48.2,1.61e+04]"
15,ENGINEERING MECHANICS PHYSICS AND SCIENCE,Engineering,4321,30,3526,795,0.183985189,2004,58000,25000,74000,2439,947,263,"(-152,1.52e+04]","(-148,4.95e+04]","(5.13e+04,8.07e+04]","(-270,1.31e+05]","(-2.21,1.41e+03]","(-54.7,5.8e+04]","(-307,1.02e+05]","(-0.000969,0.323]","(-88.8,6.67e+04]","(1.84e+04,4.4e+04]","(5.63e+04,9.07e+04]","(-48.2,1.61e+04]"
2,MINING AND MINERAL ENGINEERING,Engineering,756,7,679,77,0.101851852,388,75000,55000,90000,350,257,50,"(-152,1.52e+04]","(-148,4.95e+04]","(5.13e+04,8.07e+04]","(-270,1.31e+05]","(-2.21,1.41e+03]","(-54.7,5.8e+04]","(-307,1.02e+05]","(-0.000969,0.323]","(-88.8,6.67e+04]","(4.4e+04,6.95e+04]","(5.63e+04,9.07e+04]","(-48.2,1.61e+04]"
122,HEALTH AND MEDICAL PREPARATORY PROGRAMS,Health,12740,31,4747,5959,0.556603774,3236,33500,23000,40000,3051,3539,1159,"(-152,1.52e+04]","(-148,4.95e+04]","(2.19e+04,5.13e+04]","(-270,1.31e+05]","(-2.21,1.41e+03]","(-54.7,5.8e+04]","(-307,1.02e+05]","(0.323,0.646]","(-88.8,6.67e+04]","(1.84e+04,4.4e+04]","(2.19e+04,5.63e+04]","(-48.2,1.61e+04]"
25,MANAGEMENT INFORMATION SYSTEMS AND STATISTICS,Business,18713,278,13496,5217,0.278790146,13017,51000,38000,60000,6342,5741,708,"(-152,1.52e+04]","(-148,4.95e+04]","(2.19e+04,5.13e+04]","(-270,1.31e+05]","(-2.21,1.41e+03]","(-54.7,5.8e+04]","(-307,1.02e+05]","(-0.000969,0.323]","(-88.8,6.67e+04]","(1.84e+04,4.4e+04]","(5.63e+04,9.07e+04]","(-48.2,1.61e+04]"
45,MEDICAL TECHNOLOGIES TECHNICIANS,Health,15914,190,2794,2145,0.434298441,9005,45000,36000,50000,5546,7176,1002,"(-152,1.52e+04]","(-148,4.95e+04]","(2.19e+04,5.13e+04]","(-270,1.31e+05]","(-2.21,1.41e+03]","(-54.7,5.8e+04]","(-307,1.02e+05]","(0.323,0.646]","(-88.8,6.67e+04]","(1.84e+04,4.4e+04]","(2.19e+04,5.63e+04]","(-48.2,1.61e+04]"
55,COGNITIVE SCIENCE AND BIOPSYCHOLOGY,Biology & Life Science,3831,25,119,699,0.854523227,1584,41000,20000,60000,1369,921,135,"(-152,1.52e+04]","(-148,4.95e+04]","(2.19e+04,5.13e+04]","(-270,1.31e+05]","(-2.21,1.41e+03]","(-54.7,5.8e+04]","(-307,1.02e+05]","(0.646,0.97]","(-88.8,6.67e+04]","(1.84e+04,4.4e+04]","(5.63e+04,9.07e+04]","(-48.2,1.61e+04]"
29,MISCELLANEOUS ENGINEERING,Engineering,9133,118,7398,1735,0.189970437,5476,50000,39000,65000,3445,2426,365,"(-152,1.52e+04]","(-148,4.95e+04]","(2.19e+04,5.13e+04]","(-270,1.31e+05]","(-2.21,1.41e+03]","(-54.7,5.8e+04]","(-307,1.02e+05]","(-0.000969,0.323]","(-88.8,6.67e+04]","(1.84e+04,4.4e+04]","(5.63e+04,9.07e+04]","(-48.2,1.61e+04]"
4,NAVAL ARCHITECTURE AND MARINE ENGINEERING,Engineering,1258,16,1123,135,0.107313196,692,70000,43000,80000,529,102,0,"(-152,1.52e+04]","(-148,4.95e+04]","(5.13e+04,8.07e+04]","(-270,1.31e+05]","(-2.21,1.41e+03]","(-54.7,5.8e+04]","(-307,1.02e+05]","(-0.000969,0.323]","(-88.8,6.67e+04]","(1.84e+04,4.4e+04]","(5.63e+04,9.07e+04]","(-48.2,1.61e+04]"
16,BIOLOGICAL ENGINEERING,Engineering,8925,55,6062,2863,0.320784314,3413,57100,40000,76000,3603,1595,524,"(-152,1.52e+04]","(-148,4.95e+04]","(5.13e+04,8.07e+04]","(-270,1.31e+05]","(-2.21,1.41e+03]","(-54.7,5.8e+04]","(-307,1.02e+05]","(-0.000969,0.323]","(-88.8,6.67e+04]","(1.84e+04,4.4e+04]","(5.63e+04,9.07e+04]","(-48.2,1.61e+04]"
100,AREA ETHNIC AND CIVILIZATION STUDIES,Humanities & Liberal Arts,31195,249,12862,40300,0.758060269,13109,35000,24500,44000,8465,11818,3677,"(-152,1.52e+04]","(-148,4.95e+04]","(2.19e+04,5.13e+04]","(-270,1.31e+05]","(-2.21,1.41e+03]","(-54.7,5.8e+04]","(-307,1.02e+05]","(0.646,0.97]","(-88.8,6.67e+04]","(1.84e+04,4.4e+04]","(2.19e+04,5.63e+04]","(-48.2,1.61e+04]"
105,HEALTH AND MEDICAL ADMINISTRATIVE SERVICES,Health,18109,184,2817,9479,0.770901106,10982,35000,27000,42000,2589,8592,1391,"(-152,1.52e+04]","(-148,4.95e+04]","(2.19e+04,5.13e+04]","(-270,1.31e+05]","(-2.21,1.41e+03]","(-54.7,5.8e+04]","(-307,1.02e+05]","(0.646,0.97]","(-88.8,6.67e+04]","(1.84e+04,4.4e+04]","(2.19e+04,5.63e+04]","(-48.2,1.61e+04]"
88,PRE-LAW AND LEGAL STUDIES,Law & Public Policy,13528,92,809,1169,0.591001011,5370,36000,29200,46000,2002,6454,1336,"(-152,1.52e+04]","(-148,4.95e+04]","(2.19e+04,5.13e+04]","(-270,1.31e+05]","(-2.21,1.41e+03]","(-54.7,5.8e+04]","(-307,1.02e+05]","(0.323,0.646]","(-88.8,6.67e+04]","(1.84e+04,4.4e+04]","(2.19e+04,5.63e+04]","(-48.2,1.61e+04]"
72,AGRICULTURAL ECONOMICS,Agriculture & Natural Resources,2439,44,10624,15270,0.589711902,1528,40000,27000,54000,535,893,94,"(-152,1.52e+04]","(-148,4.95e+04]","(2.19e+04,5.13e+04]","(-270,1.31e+05]","(-2.21,1.41e+03]","(-54.7,5.8e+04]","(-307,1.02e+05]","(0.323,0.646]","(-88.8,6.67e+04]","(1.84e+04,4.4e+04]","(2.19e+04,5.63e+04]","(-48.2,1.61e+04]"
61,PHARMACY PHARMACEUTICAL SCIENCES AND ADMINISTRATION,Health,23551,38,25463,20957,0.451464886,9131,40000,20000,90000,11573,4493,1121,"(-152,1.52e+04]","(-148,4.95e+04]","(2.19e+04,5.13e+04]","(-270,1.31e+05]","(-2.21,1.41e+03]","(-54.7,5.8e+04]","(-307,1.02e+05]","(0.323,0.646]","(-88.8,6.67e+04]","(1.84e+04,4.4e+04]","(5.63e+04,9.07e+04]","(-48.2,1.61e+04]"
118,SOCIAL SCIENCE OR HISTORY TEACHER EDUCATION,Education,20198,157,12835,35411,0.733967583,8871,34000,23050,42000,10928,5561,1806,"(-152,1.52e+04]","(-148,4.95e+04]","(2.19e+04,5.13e+04]","(-270,1.31e+05]","(-2.21,1.41e+03]","(-54.7,5.8e+04]","(-307,1.02e+05]","(0.646,0.97]","(-88.8,6.67e+04]","(1.84e+04,4.4e+04]","(2.19e+04,5.63e+04]","(-48.2,1.61e+04]"
50,OCEANOGRAPHY,Physical Sciences,2418,36,752,1666,0.688999173,1595,44700,23000,50000,459,996,186,"(-152,1.52e+04]","(-148,4.95e+04]","(2.19e+04,5.13e+04]","(-270,1.31e+05]","(-2.21,1.41e+03]","(-54.7,5.8e+04]","(-307,1.02e+05]","(0.646,0.97]","(-88.8,6.67e+04]","(1.84e+04,4.4e+04]","(2.19e+04,5.63e+04]","(-48.2,1.61e+04]"
159,THEOLOGY AND RELIGIOUS VOCATIONS,Humanities & Liberal Arts,30207,310,404,1084,0.728494624,13944,29000,22000,38000,9927,12037,3304,"(-152,1.52e+04]","(-148,4.95e+04]","(2.19e+04,5.13e+04]","(-270,1.31e+05]","(-2.21,1.41e+03]","(-54.7,5.8e+04]","(-307,1.02e+05]","(0.646,0.97]","(-88.8,6.67e+04]","(1.84e+04,4.4e+04]","(2.19e+04,5.63e+04]","(-48.2,1.61e+04]"
108,NATURAL RESOURCES MANAGEMENT,Agriculture & Natural Resources,13773,152,27015,35037,0.564639335,6954,35000,25000,42000,4333,5808,1405,"(-152,1.52e+04]","(-148,4.95e+04]","(2.19e+04,5.13e+04]","(-270,1.31e+05]","(-2.21,1.41e+03]","(-54.7,5.8e+04]","(-307,1.02e+05]","(0.323,0.646]","(-88.8,6.67e+04]","(1.84e+04,4.4e+04]","(2.19e+04,5.63e+04]","(-48.2,1.61e+04]"
169,ZOOLOGY,Biology & Life Science,8409,47,3050,5359,0.637293376,3602,26000,20000,39000,2771,2947,743,"(-152,1.52e+04]","(-148,4.95e+04]","(2.19e+04,5.13e+04]","(-270,1.31e+05]","(-2.21,1.41e+03]","(-54.7,5.8e+04]","(-307,1.02e+05]","(0.323,0.646]","(-88.8,6.67e+04]","(1.84e+04,4.4e+04]","(2.19e+04,5.63e+04]","(-48.2,1.61e+04]"
136,PHILOSOPHY AND RELIGIOUS STUDIES,Humanities & Liberal Arts,54814,375,31967,22847,0.416809574,21816,32200,23000,47100,14444,20313,8051,"(-152,1.52e+04]","(-148,4.95e+04]","(2.19e+04,5.13e+04]","(-270,1.31e+05]","(-2.21,1.41e+03]","(-54.7,5.8e+04]","(-307,1.02e+05]","(0.323,0.646]","(-88.8,6.67e+04]","(1.84e+04,4.4e+04]","(2.19e+04,5.63e+04]","(-48.2,1.61e+04]"
80,GEOGRAPHY,Social Science,18480,179,173809,156118,0.473189524,8628,38000,30000,50000,5350,6830,1905,"(-152,1.52e+04]","(-148,4.95e+04]","(2.19e+04,5.13e+04]","(-270,1.31e+05]","(-2.21,1.41e+03]","(1.16e+05,1.74e+05]","(1.02e+05,2.05e+05]","(0.323,0.646]","(-88.8,6.67e+04]","(1.84e+04,4.4e+04]","(2.19e+04,5.63e+04]","(-48.2,1.61e+04]"
73,PHYSICAL SCIENCES,Physical Sciences,1436,10,10285,7662,0.42692372,653,40000,30000,55000,530,465,269,"(-152,1.52e+04]","(-148,4.95e+04]","(2.19e+04,5.13e+04]","(-270,1.31e+05]","(-2.21,1.41e+03]","(-54.7,5.8e+04]","(-307,1.02e+05]","(0.323,0.646]","(-88.8,6.67e+04]","(1.84e+04,4.4e+04]","(2.19e+04,5.63e+04]","(-48.2,1.61e+04]"
111,ATMOSPHERIC SCIENCES AND METEOROLOGY,Physical Sciences,4043,32,13257,1893,0.124950495,2161,35000,28000,50000,1808,1317,237,"(-152,1.52e+04]","(-148,4.95e+04]","(2.19e+04,5.13e+04]","(-270,1.31e+05]","(-2.21,1.41e+03]","(-54.7,5.8e+04]","(-307,1.02e+05]","(-0.000969,0.323]","(-88.8,6.67e+04]","(1.84e+04,4.4e+04]","(2.19e+04,5.63e+04]","(-48.2,1.61e+04]"
171,CLINICAL PSYCHOLOGY,Psychology & Social Work,2838,13,568,2270,0.799859056,1293,25000,25000,40000,986,870,622,"(-152,1.52e+04]","(-148,4.95e+04]","(2.19e+04,5.13e+04]","(-270,1.31e+05]","(-2.21,1.41e+03]","(-54.7,5.8e+04]","(-307,1.02e+05]","(0.646,0.97]","(-88.8,6.67e+04]","(1.84e+04,4.4e+04]","(2.19e+04,5.63e+04]","(-48.2,1.61e+04]"
81,MICROBIOLOGY,Biology & Life Science,15232,62,78857,126354,0.615727227,5080,38000,29600,50000,5577,3174,1246,"(-152,1.52e+04]","(-148,4.95e+04]","(2.19e+04,5.13e+04]","(-270,1.31e+05]","(-2.21,1.41e+03]","(5.8e+04,1.16e+05]","(1.02e+05,2.05e+05]","(0.323,0.646]","(-88.8,6.67e+04]","(1.84e+04,4.4e+04]","(2.19e+04,5.63e+04]","(-48.2,1.61e+04]"
167,DRAMA AND THEATER ARTS,Arts,43249,357,7022,11931,0.629504564,16891,27000,19200,35000,6994,25313,11068,"(-152,1.52e+04]","(-148,4.95e+04]","(2.19e+04,5.13e+04]","(-270,1.31e+05]","(-2.21,1.41e+03]","(-54.7,5.8e+04]","(-307,1.02e+05]","(0.323,0.646]","(-88.8,6.67e+04]","(1.84e+04,4.4e+04]","(2.19e+04,5.63e+04]","(-48.2,1.61e+04]"
56,SCHOOL STUDENT COUNSELING,Education,818,4,1667,2164,0.56486557,545,41000,41000,43000,509,221,0,"(-152,1.52e+04]","(-148,4.95e+04]","(2.19e+04,5.13e+04]","(-270,1.31e+05]","(-2.21,1.41e+03]","(-54.7,5.8e+04]","(-307,1.02e+05]","(0.323,0.646]","(-88.8,6.67e+04]","(1.84e+04,4.4e+04]","(2.19e+04,5.63e+04]","(-48.2,1.61e+04]"
163,ANTHROPOLOGY AND ARCHEOLOGY,Humanities & Liberal Arts,38844,247,1167,36422,0.968953683,13232,28000,20000,38000,9805,16693,6866,"(-152,1.52e+04]","(-148,4.95e+04]","(2.19e+04,5.13e+04]","(-270,1.31e+05]","(-2.21,1.41e+03]","(-54.7,5.8e+04]","(-307,1.02e+05]","(0.646,0.97]","(-88.8,6.67e+04]","(1.84e+04,4.4e+04]","(2.19e+04,5.63e+04]","(-48.2,1.61e+04]"
99,ADVERTISING AND PUBLIC RELATIONS,Communications & Journalism,53162,681,23736,48883,0.673143392,30932,35000,27000,47000,9659,23059,7214,"(-152,1.52e+04]","(-148,4.95e+04]","(2.19e+04,5.13e+04]","(-270,1.31e+05]","(-2.21,1.41e+03]","(-54.7,5.8e+04]","(-307,1.02e+05]","(0.646,0.97]","(-88.8,6.67e+04]","(1.84e+04,4.4e+04]","(2.19e+04,5.63e+04]","(-48.2,1.61e+04]"
173,LIBRARY SCIENCE,Education,1098,2,134,964,0.877959927,410,22000,20000,22000,288,338,192,"(-152,1.52e+04]","(-148,4.95e+04]","(2.19e+04,5.13e+04]","(-270,1.31e+05]","(-2.21,1.41e+03]","(-54.7,5.8e+04]","(-307,1.02e+05]","(0.646,0.97]","(-88.8,6.67e+04]","(1.84e+04,4.4e+04]","(2.19e+04,5.63e+04]","(-48.2,1.61e+04]"
104,NUTRITION SCIENCES,Health,18909,118,4944,8719,0.63814682,6625,35000,26000,45000,6535,5473,2449,"(-152,1.52e+04]","(-148,4.95e+04]","(2.19e+04,5.13e+04]","(-270,1.31e+05]","(-2.21,1.41e+03]","(-54.7,5.8e+04]","(-307,1.02e+05]","(0.323,0.646]","(-88.8,6.67e+04]","(1.84e+04,4.4e+04]","(2.19e+04,5.63e+04]","(-48.2,1.61e+04]"
57,INTERNATIONAL RELATIONS,Social Science,28187,219,10345,17842,0.632986838,13583,40100,31200,53000,6774,9570,2499,"(-152,1.52e+04]","(-148,4.95e+04]","(2.19e+04,5.13e+04]","(-270,1.31e+05]","(-2.21,1.41e+03]","(-54.7,5.8e+04]","(-307,1.02e+05]","(0.323,0.646]","(-88.8,6.67e+04]","(1.84e+04,4.4e+04]","(2.19e+04,5.63e+04]","(-48.2,1.61e+04]"
31,ENVIRONMENTAL ENGINEERING,Engineering,4047,26,2639,3339,0.558548009,1951,50000,42000,56000,2028,830,260,"(-152,1.52e+04]","(-148,4.95e+04]","(2.19e+04,5.13e+04]","(-270,1.31e+05]","(-2.21,1.41e+03]","(-54.7,5.8e+04]","(-307,1.02e+05]","(0.323,0.646]","(-88.8,6.67e+04]","(1.84e+04,4.4e+04]","(2.19e+04,5.63e+04]","(-48.2,1.61e+04]"
70,UNITED STATES HISTORY,Humanities & Liberal Arts,3079,22,8697,14854,0.630716318,1274,40000,30000,42000,801,1591,302,"(-152,1.52e+04]","(-148,4.95e+04]","(2.19e+04,5.13e+04]","(-270,1.31e+05]","(-2.21,1.41e+03]","(-54.7,5.8e+04]","(-307,1.02e+05]","(0.323,0.646]","(-88.8,6.67e+04]","(1.84e+04,4.4e+04]","(2.19e+04,5.63e+04]","(-48.2,1.61e+04]"
120,MATHEMATICS TEACHER EDUCATION,Education,14237,123,4103,15632,0.792095262,8073,34000,30000,40000,10699,1977,786,"(-152,1.52e+04]","(-148,4.95e+04]","(2.19e+04,5.13e+04]","(-270,1.31e+05]","(-2.21,1.41e+03]","(-54.7,5.8e+04]","(-307,1.02e+05]","(0.646,0.97]","(-88.8,6.67e+04]","(1.84e+04,4.4e+04]","(2.19e+04,5.63e+04]","(-48.2,1.61e+04]"
144,PLANT SCIENCE AND AGRONOMY,Agriculture & Natural Resources,7416,110,5079,7841,0.606888545,4522,32000,22900,40000,2089,3545,1231,"(-152,1.52e+04]","(-148,4.95e+04]","(2.19e+04,5.13e+04]","(-270,1.31e+05]","(-2.21,1.41e+03]","(-54.7,5.8e+04]","(-307,1.02e+05]","(0.323,0.646]","(-88.8,6.67e+04]","(1.84e+04,4.4e+04]","(2.19e+04,5.63e+04]","(-48.2,1.61e+04]"
74,MILITARY TECHNOLOGIES,Industrial Arts & Consumer Services,124,4,1756,1323,0.429684963,111,40000,40000,40000,0,0,0,"(-152,1.52e+04]","(-148,4.95e+04]","(2.19e+04,5.13e+04]","(-270,1.31e+05]","(-2.21,1.41e+03]","(-54.7,5.8e+04]","(-307,1.02e+05]","(0.323,0.646]","(-88.8,6.67e+04]","(1.84e+04,4.4e+04]","(2.19e+04,5.63e+04]","(-48.2,1.61e+04]"
1,PETROLEUM ENGINEERING,Engineering,2339,36,2057,282,0.120564344,1207,110000,95000,125000,1534,364,193,"(-152,1.52e+04]","(-148,4.95e+04]","(8.07e+04,1.1e+05]","(-270,1.31e+05]","(-2.21,1.41e+03]","(-54.7,5.8e+04]","(-307,1.02e+05]","(-0.000969,0.323]","(-88.8,6.67e+04]","(6.95e+04,9.51e+04]","(9.07e+04,1.25e+05]","(-48.2,1.61e+04]"
154,VISUAL AND PERFORMING ARTS,Arts,16250,132,2013,4639,0.697384245,6322,30000,22000,40000,3849,7635,2840,"(-152,1.52e+04]","(-148,4.95e+04]","(2.19e+04,5.13e+04]","(-270,1.31e+05]","(-2.21,1.41e+03]","(-54.7,5.8e+04]","(-307,1.02e+05]","(0.646,0.97]","(-88.8,6.67e+04]","(1.84e+04,4.4e+04]","(2.19e+04,5.63e+04]","(-48.2,1.61e+04]"
93,ENVIRONMENTAL SCIENCE,Biology & Life Science,25965,225,10787,15178,0.584556133,10916,35600,25000,40200,8149,10076,3175,"(-152,1.52e+04]","(-148,4.95e+04]","(2.19e+04,5.13e+04]","(-270,1.31e+05]","(-2.21,1.41e+03]","(-54.7,5.8e+04]","(-307,1.02e+05]","(0.323,0.646]","(-88.8,6.67e+04]","(1.84e+04,4.4e+04]","(2.19e+04,5.63e+04]","(-48.2,1.61e+04]"
145,SCIENCE AND COMPUTER TEACHER EDUCATION,Education,6483,59,22357,16404,0.423208896,3247,32000,28000,39000,4214,1106,591,"(-152,1.52e+04]","(-148,4.95e+04]","(2.19e+04,5.13e+04]","(-270,1.31e+05]","(-2.21,1.41e+03]","(-54.7,5.8e+04]","(-307,1.02e+05]","(0.323,0.646]","(-88.8,6.67e+04]","(1.84e+04,4.4e+04]","(2.19e+04,5.63e+04]","(-48.2,1.61e+04]"
92,SOCIAL PSYCHOLOGY,Psychology & Social Work,1386,8,6184,18313,0.747560926,529,36000,34000,45000,434,593,37,"(-152,1.52e+04]","(-148,4.95e+04]","(2.19e+04,5.13e+04]","(-270,1.31e+05]","(-2.21,1.41e+03]","(-54.7,5.8e+04]","(-307,1.02e+05]","(0.646,0.97]","(-88.8,6.67e+04]","(1.84e+04,4.4e+04]","(2.19e+04,5.63e+04]","(-48.2,1.61e+04]"
53,MATHEMATICS AND COMPUTER SCIENCE,Computers & Mathematics,609,7,803,10320,0.927807246,391,42000,30000,78000,452,67,25,"(-152,1.52e+04]","(-148,4.95e+04]","(2.19e+04,5.13e+04]","(-270,1.31e+05]","(-2.21,1.41e+03]","(-54.7,5.8e+04]","(-307,1.02e+05]","(0.646,0.97]","(-88.8,6.67e+04]","(1.84e+04,4.4e+04]","(5.63e+04,9.07e+04]","(-48.2,1.61e+04]"
148,PHYSICAL AND HEALTH EDUCATION TEACHING,Education,28213,259,29909,30724,0.506720763,13651,31000,24000,40000,12777,9328,2042,"(-152,1.52e+04]","(-148,4.95e+04]","(2.19e+04,5.13e+04]","(-270,1.31e+05]","(-2.21,1.41e+03]","(-54.7,5.8e+04]","(-307,1.02e+05]","(0.323,0.646]","(-88.8,6.67e+04]","(1.84e+04,4.4e+04]","(2.19e+04,5.63e+04]","(-48.2,1.61e+04]"
110,MULTI/INTERDISCIPLINARY STUDIES,Interdisciplinary,12296,128,10031,9848,0.495397153,6234,35000,25000,44000,5176,3903,1061,"(-152,1.52e+04]","(-148,4.95e+04]","(2.19e+04,5.13e+04]","(-270,1.31e+05]","(-2.21,1.41e+03]","(-54.7,5.8e+04]","(-307,1.02e+05]","(0.323,0.646]","(-88.8,6.67e+04]","(1.84e+04,4.4e+04]","(2.19e+04,5.63e+04]","(-48.2,1.61e+04]"
60,INTERNATIONAL BUSINESS,Business,25894,260,1749,690,0.282902829,12823,40000,30000,50000,3383,9482,3046,"(-152,1.52e+04]","(-148,4.95e+04]","(2.19e+04,5.13e+04]","(-270,1.31e+05]","(-2.21,1.41e+03]","(-54.7,5.8e+04]","(-307,1.02e+05]","(-0.000969,0.323]","(-88.8,6.67e+04]","(1.84e+04,4.4e+04]","(2.19e+04,5.63e+04]","(-48.2,1.61e+04]"
67,MECHANICAL ENGINEERING RELATED TECHNOLOGIES,Engineering,4790,71,894,542,0.377437326,3607,40000,27000,52000,1861,2121,406,"(-152,1.52e+04]","(-148,4.95e+04]","(2.19e+04,5.13e+04]","(-270,1.31e+05]","(-2.21,1.41e+03]","(-54.7,5.8e+04]","(-307,1.02e+05]","(0.323,0.646]","(-88.8,6.67e+04]","(1.84e+04,4.4e+04]","(2.19e+04,5.63e+04]","(-48.2,1.61e+04]"
40,"NUCLEAR, INDUSTRIAL RADIOLOGY, AND BIOLOGICAL TECHNOLOGIES",Physical Sciences,2116,31,7575,5727,0.430536761,1115,46000,38000,53000,162,1475,124,"(-152,1.52e+04]","(-148,4.95e+04]","(2.19e+04,5.13e+04]","(-270,1.31e+05]","(-2.21,1.41e+03]","(-54.7,5.8e+04]","(-307,1.02e+05]","(0.323,0.646]","(-88.8,6.67e+04]","(1.84e+04,4.4e+04]","(2.19e+04,5.63e+04]","(-48.2,1.61e+04]"
168,COMPOSITION AND RHETORIC,Humanities & Liberal Arts,18953,151,14440,28809,0.666119448,7832,27000,20000,35000,4855,8100,3466,"(-152,1.52e+04]","(-148,4.95e+04]","(2.19e+04,5.13e+04]","(-270,1.31e+05]","(-2.21,1.41e+03]","(-54.7,5.8e+04]","(-307,1.02e+05]","(0.646,0.97]","(-88.8,6.67e+04]","(1.84e+04,4.4e+04]","(2.19e+04,5.63e+04]","(-48.2,1.61e+04]"
39,INDUSTRIAL PRODUCTION TECHNOLOGIES,Engineering,4631,73,528,1588,0.75047259,3242,46000,35000,65000,1394,2454,480,"(-152,1.52e+04]","(-148,4.95e+04]","(2.19e+04,5.13e+04]","(-270,1.31e+05]","(-2.21,1.41e+03]","(-54.7,5.8e+04]","(-307,1.02e+05]","(0.646,0.97]","(-88.8,6.67e+04]","(1.84e+04,4.4e+04]","(5.63e+04,9.07e+04]","(-48.2,1.61e+04]"
131,MISCELLANEOUS EDUCATION,Education,10150,126,32510,82923,0.718364766,5816,33000,30000,45000,5284,2438,657,"(-152,1.52e+04]","(-148,4.95e+04]","(2.19e+04,5.13e+04]","(-270,1.31e+05]","(-2.21,1.41e+03]","(-54.7,5.8e+04]","(-307,1.02e+05]","(0.646,0.97]","(-88.8,6.67e+04]","(1.84e+04,4.4e+04]","(2.19e+04,5.63e+04]","(-48.2,1.61e+04]"
130,LINGUISTICS AND COMPARATIVE LANGUAGE AND LITERATURE,Humanities & Liberal Arts,16601,88,2337,7579,0.76432029,5821,33000,25000,40000,4122,5695,2085,"(-152,1.52e+04]","(-148,4.95e+04]","(2.19e+04,5.13e+04]","(-270,1.31e+05]","(-2.21,1.41e+03]","(-54.7,5.8e+04]","(-307,1.02e+05]","(0.646,0.97]","(-88.8,6.67e+04]","(1.84e+04,4.4e+04]","(2.19e+04,5.63e+04]","(-48.2,1.61e+04]"
22,FOOD SCIENCE,Agriculture & Natural Resources,4361,36,99743,28576,0.222695002,1735,53000,32000,70000,1183,1274,485,"(-152,1.52e+04]","(-148,4.95e+04]","(5.13e+04,8.07e+04]","(-270,1.31e+05]","(-2.21,1.41e+03]","(5.8e+04,1.16e+05]","(-307,1.02e+05]","(-0.000969,0.323]","(-88.8,6.67e+04]","(1.84e+04,4.4e+04]","(5.63e+04,9.07e+04]","(-48.2,1.61e+04]"
112,FORESTRY,Agriculture & Natural Resources,3607,48,32041,71439,0.690365288,1763,35000,28600,48000,1096,1692,327,"(-152,1.52e+04]","(-148,4.95e+04]","(2.19e+04,5.13e+04]","(-270,1.31e+05]","(-2.21,1.41e+03]","(-54.7,5.8e+04]","(-307,1.02e+05]","(0.646,0.97]","(-88.8,6.67e+04]","(1.84e+04,4.4e+04]","(2.19e+04,5.63e+04]","(-48.2,1.61e+04]"
12,AEROSPACE ENGINEERING,Engineering,15058,147,65511,16016,0.196450256,8790,60000,42000,70000,8184,2425,372,"(-152,1.52e+04]","(-148,4.95e+04]","(5.13e+04,8.07e+04]","(-270,1.31e+05]","(-2.21,1.41e+03]","(5.8e+04,1.16e+05]","(-307,1.02e+05]","(-0.000969,0.323]","(-88.8,6.67e+04]","(1.84e+04,4.4e+04]","(5.63e+04,9.07e+04]","(-48.2,1.61e+04]"
64,AGRICULTURE PRODUCTION AND MANAGEMENT,Agriculture & Natural Resources,14240,273,7426,10874,0.59420765,9093,40000,25000,50000,1925,6221,1362,"(-152,1.52e+04]","(-148,4.95e+04]","(2.19e+04,5.13e+04]","(-270,1.31e+05]","(-2.21,1.41e+03]","(-54.7,5.8e+04]","(-307,1.02e+05]","(0.323,0.646]","(-88.8,6.67e+04]","(1.84e+04,4.4e+04]","(2.19e+04,5.63e+04]","(-48.2,1.61e+04]"
132,INTERDISCIPLINARY SOCIAL SCIENCES,Social Science,9916,95,13487,35004,0.721865913,4714,33000,24000,40000,2630,3906,1470,"(-152,1.52e+04]","(-148,4.95e+04]","(2.19e+04,5.13e+04]","(-270,1.31e+05]","(-2.21,1.41e+03]","(-54.7,5.8e+04]","(-307,1.02e+05]","(0.646,0.97]","(-88.8,6.67e+04]","(1.84e+04,4.4e+04]","(2.19e+04,5.63e+04]","(-48.2,1.61e+04]"
84,BOTANY,Biology & Life Science,1329,9,626,703,0.52896915,740,37000,26000,40000,677,184,56,"(-152,1.52e+04]","(-148,4.95e+04]","(2.19e+04,5.13e+04]","(-270,1.31e+05]","(-2.21,1.41e+03]","(-54.7,5.8e+04]","(-307,1.02e+05]","(0.323,0.646]","(-88.8,6.67e+04]","(1.84e+04,4.4e+04]","(2.19e+04,5.63e+04]","(-48.2,1.61e+04]"
91,GEOSCIENCES,Physical Sciences,1978,18,1589,11797,0.881293889,1011,36000,21000,41000,784,591,221,"(-152,1.52e+04]","(-148,4.95e+04]","(2.19e+04,5.13e+04]","(-270,1.31e+05]","(-2.21,1.41e+03]","(-54.7,5.8e+04]","(-307,1.02e+05]","(0.646,0.97]","(-88.8,6.67e+04]","(1.84e+04,4.4e+04]","(2.19e+04,5.63e+04]","(-48.2,1.61e+04]"
106,COMMUNICATION TECHNOLOGIES,Computers & Mathematics,18035,208,2563,16346,0.864456079,9085,35000,25000,45000,4545,8794,2495,"(-152,1.52e+04]","(-148,4.95e+04]","(2.19e+04,5.13e+04]","(-270,1.31e+05]","(-2.21,1.41e+03]","(-54.7,5.8e+04]","(-307,1.02e+05]","(0.646,0.97]","(-88.8,6.67e+04]","(1.84e+04,4.4e+04]","(2.19e+04,5.63e+04]","(-48.2,1.61e+04]"
14,MATERIALS SCIENCE,Engineering,4279,22,2949,1330,0.310820285,1967,60000,39000,65000,2626,391,81,"(-152,1.52e+04]","(-148,4.95e+04]","(5.13e+04,8.07e+04]","(-270,1.31e+05]","(-2.21,1.41e+03]","(-54.7,5.8e+04]","(-307,1.02e+05]","(-0.000969,0.323]","(-88.8,6.67e+04]","(1.84e+04,4.4e+04]","(5.63e+04,9.07e+04]","(-48.2,1.61e+04]"
103,CRIMINOLOGY,Social Science,19879,214,8422,13638,0.618223028,10548,35000,25000,45000,3373,10605,1895,"(-152,1.52e+04]","(-148,4.95e+04]","(2.19e+04,5.13e+04]","(-270,1.31e+05]","(-2.21,1.41e+03]","(-54.7,5.8e+04]","(-307,1.02e+05]","(0.323,0.646]","(-88.8,6.67e+04]","(1.84e+04,4.4e+04]","(2.19e+04,5.63e+04]","(-48.2,1.61e+04]"
151,FAMILY AND CONSUMER SCIENCES,Industrial Arts & Consumer Services,58001,518,5347,16226,0.752143884,26906,30000,22900,40000,20985,20133,5248,"(1.52e+04,3.03e+04]","(-148,4.95e+04]","(2.19e+04,5.13e+04]","(-270,1.31e+05]","(-2.21,1.41e+03]","(-54.7,5.8e+04]","(-307,1.02e+05]","(0.646,0.97]","(-88.8,6.67e+04]","(1.84e+04,4.4e+04]","(2.19e+04,5.63e+04]","(-48.2,1.61e+04]"
11,COMPUTER ENGINEERING,Engineering,41542,399,33258,8284,0.199412643,23621,60000,45000,75000,23694,5721,980,"(1.52e+04,3.03e+04]","(-148,4.95e+04]","(5.13e+04,8.07e+04]","(-270,1.31e+05]","(-2.21,1.41e+03]","(-54.7,5.8e+04]","(-307,1.02e+05]","(-0.000969,0.323]","(-88.8,6.67e+04]","(4.4e+04,6.95e+04]","(5.63e+04,9.07e+04]","(-48.2,1.61e+04]"
125,SOCIOLOGY,Social Science,115433,1024,24704,28120,0.532333788,56561,33000,25000,44000,29051,48899,13748,"(1.52e+04,3.03e+04]","(-148,4.95e+04]","(2.19e+04,5.13e+04]","(-270,1.31e+05]","(-2.21,1.41e+03]","(-54.7,5.8e+04]","(-307,1.02e+05]","(0.323,0.646]","(-88.8,6.67e+04]","(1.84e+04,4.4e+04]","(2.19e+04,5.63e+04]","(-48.2,1.61e+04]"
97,JOURNALISM,Communications & Journalism,72619,843,8739,22456,0.719858952,39524,35000,26000,42900,23279,26672,8512,"(1.52e+04,3.03e+04]","(-148,4.95e+04]","(2.19e+04,5.13e+04]","(-270,1.31e+05]","(-2.21,1.41e+03]","(-54.7,5.8e+04]","(-307,1.02e+05]","(0.646,0.97]","(-88.8,6.67e+04]","(1.84e+04,4.4e+04]","(2.19e+04,5.63e+04]","(-48.2,1.61e+04]"
150,FINE ARTS,Arts,74440,623,24786,49654,0.667033853,31877,30500,21000,41000,20792,32725,11880,"(1.52e+04,3.03e+04]","(-148,4.95e+04]","(2.19e+04,5.13e+04]","(-270,1.31e+05]","(-2.21,1.41e+03]","(-54.7,5.8e+04]","(-307,1.02e+05]","(0.646,0.97]","(-88.8,6.67e+04]","(1.84e+04,4.4e+04]","(2.19e+04,5.63e+04]","(-48.2,1.61e+04]"
129,LANGUAGE AND DRAMA EDUCATION,Education,30471,235,3878,5276,0.576360061,15266,33000,24000,40000,17985,6824,2819,"(1.52e+04,3.03e+04]","(-148,4.95e+04]","(2.19e+04,5.13e+04]","(-270,1.31e+05]","(-2.21,1.41e+03]","(-54.7,5.8e+04]","(-307,1.02e+05]","(0.323,0.646]","(-88.8,6.67e+04]","(1.84e+04,4.4e+04]","(2.19e+04,5.63e+04]","(-48.2,1.61e+04]"
164,COMMUNICATION DISORDERS SCIENCES AND SERVICES,Health,38279,95,11376,27468,0.707136237,14460,28000,20000,40000,19957,9404,5125,"(1.52e+04,3.03e+04]","(-148,4.95e+04]","(2.19e+04,5.13e+04]","(-270,1.31e+05]","(-2.21,1.41e+03]","(-54.7,5.8e+04]","(-307,1.02e+05]","(0.646,0.97]","(-88.8,6.67e+04]","(1.84e+04,4.4e+04]","(2.19e+04,5.63e+04]","(-48.2,1.61e+04]"
83,BIOCHEMICAL SCIENCES,Biology & Life Science,39107,174,18951,20156,0.515406449,13785,37400,29000,50000,15654,8394,3012,"(1.52e+04,3.03e+04]","(-148,4.95e+04]","(2.19e+04,5.13e+04]","(-270,1.31e+05]","(-2.21,1.41e+03]","(-54.7,5.8e+04]","(-307,1.02e+05]","(0.323,0.646]","(-88.8,6.67e+04]","(1.84e+04,4.4e+04]","(2.19e+04,5.63e+04]","(-48.2,1.61e+04]"
141,LIBERAL ARTS,Humanities & Liberal Arts,71369,569,58227,136446,0.70089843,33438,32000,25000,42000,18565,28558,9030,"(1.52e+04,3.03e+04]","(-148,4.95e+04]","(2.19e+04,5.13e+04]","(-270,1.31e+05]","(-2.21,1.41e+03]","(5.8e+04,1.16e+05]","(1.02e+05,2.05e+05]","(0.646,0.97]","(-88.8,6.67e+04]","(1.84e+04,4.4e+04]","(2.19e+04,5.63e+04]","(-48.2,1.61e+04]"
58,GENERAL BUSINESS,Business,234590,2380,6053,4346,0.4179248,138299,40000,30000,55000,29334,100831,27320,"(1.52e+04,3.03e+04]","(9.89e+04,1.49e+05]","(2.19e+04,5.13e+04]","(1.31e+05,2.63e+05]","(1.41e+03,2.81e+03]","(-54.7,5.8e+04]","(-307,1.02e+05]","(0.323,0.646]","(1.33e+05,2e+05]","(1.84e+04,4.4e+04]","(2.19e+04,5.63e+04]","(1.61e+04,3.21e+04]"
140,PHYSICAL FITNESS PARKS RECREATION AND LEISURE,Industrial Arts & Consumer Services,125074,1014,2049,4434,0.683942619,57978,32000,24000,43000,27581,63946,16838,"(1.52e+04,3.03e+04]","(4.95e+04,9.89e+04]","(2.19e+04,5.13e+04]","(-270,1.31e+05]","(-2.21,1.41e+03]","(-54.7,5.8e+04]","(-307,1.02e+05]","(0.646,0.97]","(-88.8,6.67e+04]","(1.84e+04,4.4e+04]","(2.19e+04,5.63e+04]","(1.61e+04,3.21e+04]"
37,ECONOMICS,Social Science,139247,1322,115030,59476,0.340824957,70740,47000,35000,65000,25582,37057,10653,"(1.52e+04,3.03e+04]","(-148,4.95e+04]","(2.19e+04,5.13e+04]","(1.31e+05,2.63e+05]","(-2.21,1.41e+03]","(5.8e+04,1.16e+05]","(-307,1.02e+05]","(0.323,0.646]","(6.67e+04,1.33e+05]","(1.84e+04,4.4e+04]","(5.63e+04,9.07e+04]","(-48.2,1.61e+04]"
78,MARKETING AND MARKETING RESEARCH,Business,205211,2684,11404,7076,0.382900433,127230,38000,30000,50000,25320,93889,27968,"(1.52e+04,3.03e+04]","(4.95e+04,9.89e+04]","(2.19e+04,5.13e+04]","(1.31e+05,2.63e+05]","(1.41e+03,2.81e+03]","(-54.7,5.8e+04]","(-307,1.02e+05]","(0.323,0.646]","(6.67e+04,1.33e+05]","(1.84e+04,4.4e+04]","(2.19e+04,5.63e+04]","(1.61e+04,3.21e+04]"
137,ART AND MUSIC EDUCATION,Education,34181,338,10732,23449,0.6860244,16537,32100,25000,40000,20821,8260,2767,"(1.52e+04,3.03e+04]","(-148,4.95e+04]","(2.19e+04,5.13e+04]","(-270,1.31e+05]","(-2.21,1.41e+03]","(-54.7,5.8e+04]","(-307,1.02e+05]","(0.646,0.97]","(-88.8,6.67e+04]","(1.84e+04,4.4e+04]","(2.19e+04,5.63e+04]","(-48.2,1.61e+04]"
98,MULTI-DISCIPLINARY OR GENERAL SCIENCE,Physical Sciences,62052,427,70619,143377,0.669998505,28966,35000,24000,50000,17923,22039,5751,"(1.52e+04,3.03e+04]","(-148,4.95e+04]","(2.19e+04,5.13e+04]","(-270,1.31e+05]","(-2.21,1.41e+03]","(5.8e+04,1.16e+05]","(1.02e+05,2.05e+05]","(0.646,0.97]","(-88.8,6.67e+04]","(1.84e+04,4.4e+04]","(2.19e+04,5.63e+04]","(-48.2,1.61e+04]"
36,FINANCE,Business,174506,2189,89749,49498,0.355469059,108595,47000,35000,64000,24243,48447,9910,"(1.52e+04,3.03e+04]","(-148,4.95e+04]","(2.19e+04,5.13e+04]","(1.31e+05,2.63e+05]","(1.41e+03,2.81e+03]","(5.8e+04,1.16e+05]","(-307,1.02e+05]","(0.323,0.646]","(6.67e+04,1.33e+05]","(1.84e+04,4.4e+04]","(5.63e+04,9.07e+04]","(-48.2,1.61e+04]"
5,CHEMICAL ENGINEERING,Engineering,32260,289,21239,11021,0.341630502,16697,65000,50000,75000,18314,4440,972,"(1.52e+04,3.03e+04]","(-148,4.95e+04]","(5.13e+04,8.07e+04]","(-270,1.31e+05]","(-2.21,1.41e+03]","(-54.7,5.8e+04]","(-307,1.02e+05]","(0.323,0.646]","(-88.8,6.67e+04]","(4.4e+04,6.95e+04]","(5.63e+04,9.07e+04]","(-48.2,1.61e+04]"
59,ARCHITECTURE,Engineering,46420,362,9658,4582,0.321769663,20026,40000,31000,50000,16178,13724,4221,"(1.52e+04,3.03e+04]","(-148,4.95e+04]","(2.19e+04,5.13e+04]","(-270,1.31e+05]","(-2.21,1.41e+03]","(-54.7,5.8e+04]","(-307,1.02e+05]","(-0.000969,0.323]","(-88.8,6.67e+04]","(1.84e+04,4.4e+04]","(2.19e+04,5.63e+04]","(-48.2,1.61e+04]"
95,CRIMINAL JUSTICE AND FIRE PROTECTION,Law & Public Policy,152824,1728,3156,451,0.125034655,88548,35000,26000,45000,24348,88858,18404,"(1.52e+04,3.03e+04]","(4.95e+04,9.89e+04]","(2.19e+04,5.13e+04]","(1.31e+05,2.63e+05]","(1.41e+03,2.81e+03]","(-54.7,5.8e+04]","(-307,1.02e+05]","(-0.000969,0.323]","(6.67e+04,1.33e+05]","(1.84e+04,4.4e+04]","(2.19e+04,5.63e+04]","(1.61e+04,3.21e+04]"
35,NURSING,Health,209394,2554,21773,187621,0.896018988,122817,48000,39000,58000,151643,26146,6193,"(1.36e+05,1.52e+05]","(-148,4.95e+04]","(2.19e+04,5.13e+04]","(1.31e+05,2.63e+05]","(1.41e+03,2.81e+03]","(-54.7,5.8e+04]","(1.02e+05,2.05e+05]","(0.646,0.97]","(6.67e+04,1.33e+05]","(1.84e+04,4.4e+04]","(5.63e+04,9.07e+04]","(-48.2,1.61e+04]"
124,BIOLOGY,Biology & Life Science,280709,1370,111762,168947,0.601858152,100336,33400,24000,45000,88232,81109,28339,"(7.58e+04,9.1e+04]","(4.95e+04,9.89e+04]","(2.19e+04,5.13e+04]","(2.63e+05,3.94e+05]","(-2.21,1.41e+03]","(5.8e+04,1.16e+05]","(1.02e+05,2.05e+05]","(0.323,0.646]","(6.67e+04,1.33e+05]","(1.84e+04,4.4e+04]","(2.19e+04,5.63e+04]","(1.61e+04,3.21e+04]"
114,GENERAL EDUCATION,Education,143718,919,26893,116825,0.812876606,73531,34000,26000,41000,82007,31112,11443,"(7.58e+04,9.1e+04]","(-148,4.95e+04]","(2.19e+04,5.13e+04]","(1.31e+05,2.63e+05]","(-2.21,1.41e+03]","(-54.7,5.8e+04]","(1.02e+05,2.05e+05]","(0.646,0.97]","(6.67e+04,1.33e+05]","(1.84e+04,4.4e+04]","(2.19e+04,5.63e+04]","(-48.2,1.61e+04]"
21,COMPUTER SCIENCE,Computers & Mathematics,128319,1196,1837,2524,0.578766338,70932,53000,39000,70000,68622,25667,5144,"(6.07e+04,7.58e+04]","(-148,4.95e+04]","(5.13e+04,8.07e+04]","(-270,1.31e+05]","(-2.21,1.41e+03]","(-54.7,5.8e+04]","(-307,1.02e+05]","(0.323,0.646]","(6.67e+04,1.33e+05]","(1.84e+04,4.4e+04]","(5.63e+04,9.07e+04]","(-48.2,1.61e+04]"
146,PSYCHOLOGY,Psychology & Social Work,393735,2584,86648,307087,0.779933204,174438,31500,24000,41000,125148,141860,48207,"(1.21e+05,1.36e+05]","(9.89e+04,1.49e+05]","(2.19e+04,5.13e+04]","(2.63e+05,3.94e+05]","(1.41e+03,2.81e+03]","(5.8e+04,1.16e+05]","(2.05e+05,3.07e+05]","(0.646,0.97]","(1.33e+05,2e+05]","(1.84e+04,4.4e+04]","(2.19e+04,5.63e+04]","(3.21e+04,4.83e+04]"
139,ELEMENTARY EDUCATION,Education,170862,1629,13029,157833,0.923745479,86540,32000,23400,38000,108085,36972,11502,"(1.06e+05,1.21e+05]","(-148,4.95e+04]","(2.19e+04,5.13e+04]","(1.31e+05,2.63e+05]","(1.41e+03,2.81e+03]","(-54.7,5.8e+04]","(1.02e+05,2.05e+05]","(0.646,0.97]","(6.67e+04,1.33e+05]","(1.84e+04,4.4e+04]","(2.19e+04,5.63e+04]","(-48.2,1.61e+04]"
94,COMMUNICATIONS,Communications & Journalism,213996,2394,476,209,0.305109489,116251,35000,27000,45000,40763,97964,27440,"(3.03e+04,4.55e+04]","(4.95e+04,9.89e+04]","(2.19e+04,5.13e+04]","(1.31e+05,2.63e+05]","(1.41e+03,2.81e+03]","(-54.7,5.8e+04]","(-307,1.02e+05]","(-0.000969,0.323]","(6.67e+04,1.33e+05]","(1.84e+04,4.4e+04]","(2.19e+04,5.63e+04]","(1.61e+04,3.21e+04]"
138,ENGLISH LANGUAGE AND LITERATURE,Humanities & Liberal Arts,194673,1436,4897,2519,0.339670982,81180,32000,23000,41000,57690,71827,26503,"(4.55e+04,6.07e+04]","(4.95e+04,9.89e+04]","(2.19e+04,5.13e+04]","(1.31e+05,2.63e+05]","(1.41e+03,2.81e+03]","(-54.7,5.8e+04]","(-307,1.02e+05]","(0.323,0.646]","(6.67e+04,1.33e+05]","(1.84e+04,4.4e+04]","(2.19e+04,5.63e+04]","(1.61e+04,3.21e+04]"
79,POLITICAL SCIENCE AND GOVERNMENT,Social Science,182621,1387,93880,88741,0.485929877,83236,38000,28000,50000,36854,66947,19803,"(3.03e+04,4.55e+04]","(4.95e+04,9.89e+04]","(2.19e+04,5.13e+04]","(1.31e+05,2.63e+05]","(-2.21,1.41e+03]","(5.8e+04,1.16e+05]","(-307,1.02e+05]","(0.323,0.646]","(6.67e+04,1.33e+05]","(1.84e+04,4.4e+04]","(2.19e+04,5.63e+04]","(1.61e+04,3.21e+04]"
9,MECHANICAL ENGINEERING,Engineering,91227,1029,12953,2105,0.139792801,54639,60000,48000,70000,52844,16384,3253,"(4.55e+04,6.07e+04]","(-148,4.95e+04]","(5.13e+04,8.07e+04]","(-270,1.31e+05]","(-2.21,1.41e+03]","(-54.7,5.8e+04]","(-307,1.02e+05]","(-0.000969,0.323]","(-88.8,6.67e+04]","(4.4e+04,6.95e+04]","(5.63e+04,9.07e+04]","(-48.2,1.61e+04]"
42,MATHEMATICS,Computers & Mathematics,72397,541,9005,2908,0.244103081,33738,45000,33000,60000,34800,14829,4569,"(3.03e+04,4.55e+04]","(-148,4.95e+04]","(2.19e+04,5.13e+04]","(-270,1.31e+05]","(-2.21,1.41e+03]","(-54.7,5.8e+04]","(-307,1.02e+05]","(-0.000969,0.323]","(-88.8,6.67e+04]","(1.84e+04,4.4e+04]","(5.63e+04,9.07e+04]","(-48.2,1.61e+04]"
35,NURSING,Health,209394,2554,21773,187621,0.896018988,122817,48000,39000,58000,151643,26146,6193,"(1.36e+05,1.52e+05]","(-148,4.95e+04]","(2.19e+04,5.13e+04]","(1.31e+05,2.63e+05]","(1.41e+03,2.81e+03]","(-54.7,5.8e+04]","(1.02e+05,2.05e+05]","(0.646,0.97]","(6.67e+04,1.33e+05]","(1.84e+04,4.4e+04]","(5.63e+04,9.07e+04]","(-48.2,1.61e+04]"
124,BIOLOGY,Biology & Life Science,280709,1370,111762,168947,0.601858152,100336,33400,24000,45000,88232,81109,28339,"(7.58e+04,9.1e+04]","(4.95e+04,9.89e+04]","(2.19e+04,5.13e+04]","(2.63e+05,3.94e+05]","(-2.21,1.41e+03]","(5.8e+04,1.16e+05]","(1.02e+05,2.05e+05]","(0.323,0.646]","(6.67e+04,1.33e+05]","(1.84e+04,4.4e+04]","(2.19e+04,5.63e+04]","(1.61e+04,3.21e+04]"
114,GENERAL EDUCATION,Education,143718,919,26893,116825,0.812876606,73531,34000,26000,41000,82007,31112,11443,"(7.58e+04,9.1e+04]","(-148,4.95e+04]","(2.19e+04,5.13e+04]","(1.31e+05,2.63e+05]","(-2.21,1.41e+03]","(-54.7,5.8e+04]","(1.02e+05,2.05e+05]","(0.646,0.97]","(6.67e+04,1.33e+05]","(1.84e+04,4.4e+04]","(2.19e+04,5.63e+04]","(-48.2,1.61e+04]"
21,COMPUTER SCIENCE,Computers & Mathematics,128319,1196,1837,2524,0.578766338,70932,53000,39000,70000,68622,25667,5144,"(6.07e+04,7.58e+04]","(-148,4.95e+04]","(5.13e+04,8.07e+04]","(-270,1.31e+05]","(-2.21,1.41e+03]","(-54.7,5.8e+04]","(-307,1.02e+05]","(0.323,0.646]","(6.67e+04,1.33e+05]","(1.84e+04,4.4e+04]","(5.63e+04,9.07e+04]","(-48.2,1.61e+04]"
146,PSYCHOLOGY,Psychology & Social Work,393735,2584,86648,307087,0.779933204,174438,31500,24000,41000,125148,141860,48207,"(1.21e+05,1.36e+05]","(9.89e+04,1.49e+05]","(2.19e+04,5.13e+04]","(2.63e+05,3.94e+05]","(1.41e+03,2.81e+03]","(5.8e+04,1.16e+05]","(2.05e+05,3.07e+05]","(0.646,0.97]","(1.33e+05,2e+05]","(1.84e+04,4.4e+04]","(2.19e+04,5.63e+04]","(3.21e+04,4.83e+04]"
139,ELEMENTARY EDUCATION,Education,170862,1629,13029,157833,0.923745479,86540,32000,23400,38000,108085,36972,11502,"(1.06e+05,1.21e+05]","(-148,4.95e+04]","(2.19e+04,5.13e+04]","(1.31e+05,2.63e+05]","(1.41e+03,2.81e+03]","(-54.7,5.8e+04]","(1.02e+05,2.05e+05]","(0.646,0.97]","(6.67e+04,1.33e+05]","(1.84e+04,4.4e+04]","(2.19e+04,5.63e+04]","(-48.2,1.61e+04]"
94,COMMUNICATIONS,Communications & Journalism,213996,2394,476,209,0.305109489,116251,35000,27000,45000,40763,97964,27440,"(3.03e+04,4.55e+04]","(4.95e+04,9.89e+04]","(2.19e+04,5.13e+04]","(1.31e+05,2.63e+05]","(1.41e+03,2.81e+03]","(-54.7,5.8e+04]","(-307,1.02e+05]","(-0.000969,0.323]","(6.67e+04,1.33e+05]","(1.84e+04,4.4e+04]","(2.19e+04,5.63e+04]","(1.61e+04,3.21e+04]"
138,ENGLISH LANGUAGE AND LITERATURE,Humanities & Liberal Arts,194673,1436,4897,2519,0.339670982,81180,32000,23000,41000,57690,71827,26503,"(4.55e+04,6.07e+04]","(4.95e+04,9.89e+04]","(2.19e+04,5.13e+04]","(1.31e+05,2.63e+05]","(1.41e+03,2.81e+03]","(-54.7,5.8e+04]","(-307,1.02e+05]","(0.323,0.646]","(6.67e+04,1.33e+05]","(1.84e+04,4.4e+04]","(2.19e+04,5.63e+04]","(1.61e+04,3.21e+04]"
79,POLITICAL SCIENCE AND GOVERNMENT,Social Science,182621,1387,93880,88741,0.485929877,83236,38000,28000,50000,36854,66947,19803,"(3.03e+04,4.55e+04]","(4.95e+04,9.89e+04]","(2.19e+04,5.13e+04]","(1.31e+05,2.63e+05]","(-2.21,1.41e+03]","(5.8e+04,1.16e+05]","(-307,1.02e+05]","(0.323,0.646]","(6.67e+04,1.33e+05]","(1.84e+04,4.4e+04]","(2.19e+04,5.63e+04]","(1.61e+04,3.21e+04]"
9,MECHANICAL ENGINEERING,Engineering,91227,1029,12953,2105,0.139792801,54639,60000,48000,70000,52844,16384,3253,"(4.55e+04,6.07e+04]","(-148,4.95e+04]","(5.13e+04,8.07e+04]","(-270,1.31e+05]","(-2.21,1.41e+03]","(-54.7,5.8e+04]","(-307,1.02e+05]","(-0.000969,0.323]","(-88.8,6.67e+04]","(4.4e+04,6.95e+04]","(5.63e+04,9.07e+04]","(-48.2,1.61e+04]"
42,MATHEMATICS,Computers & Mathematics,72397,541,9005,2908,0.244103081,33738,45000,33000,60000,34800,14829,4569,"(3.03e+04,4.55e+04]","(-148,4.95e+04]","(2.19e+04,5.13e+04]","(-270,1.31e+05]","(-2.21,1.41e+03]","(-54.7,5.8e+04]","(-307,1.02e+05]","(-0.000969,0.323]","(-88.8,6.67e+04]","(1.84e+04,4.4e+04]","(5.63e+04,9.07e+04]","(-48.2,1.61e+04]"
35,NURSING,Health,209394,2554,21773,187621,0.896018988,122817,48000,39000,58000,151643,26146,6193,"(1.36e+05,1.52e+05]","(-148,4.95e+04]","(2.19e+04,5.13e+04]","(1.31e+05,2.63e+05]","(1.41e+03,2.81e+03]","(-54.7,5.8e+04]","(1.02e+05,2.05e+05]","(0.646,0.97]","(6.67e+04,1.33e+05]","(1.84e+04,4.4e+04]","(5.63e+04,9.07e+04]","(-48.2,1.61e+04]"
124,BIOLOGY,Biology & Life Science,280709,1370,111762,168947,0.601858152,100336,33400,24000,45000,88232,81109,28339,"(7.58e+04,9.1e+04]","(4.95e+04,9.89e+04]","(2.19e+04,5.13e+04]","(2.63e+05,3.94e+05]","(-2.21,1.41e+03]","(5.8e+04,1.16e+05]","(1.02e+05,2.05e+05]","(0.323,0.646]","(6.67e+04,1.33e+05]","(1.84e+04,4.4e+04]","(2.19e+04,5.63e+04]","(1.61e+04,3.21e+04]"
114,GENERAL EDUCATION,Education,143718,919,26893,116825,0.812876606,73531,34000,26000,41000,82007,31112,11443,"(7.58e+04,9.1e+04]","(-148,4.95e+04]","(2.19e+04,5.13e+04]","(1.31e+05,2.63e+05]","(-2.21,1.41e+03]","(-54.7,5.8e+04]","(1.02e+05,2.05e+05]","(0.646,0.97]","(6.67e+04,1.33e+05]","(1.84e+04,4.4e+04]","(2.19e+04,5.63e+04]","(-48.2,1.61e+04]"
21,COMPUTER SCIENCE,Computers & Mathematics,128319,1196,1837,2524,0.578766338,70932,53000,39000,70000,68622,25667,5144,"(6.07e+04,7.58e+04]","(-148,4.95e+04]","(5.13e+04,8.07e+04]","(-270,1.31e+05]","(-2.21,1.41e+03]","(-54.7,5.8e+04]","(-307,1.02e+05]","(0.323,0.646]","(6.67e+04,1.33e+05]","(1.84e+04,4.4e+04]","(5.63e+04,9.07e+04]","(-48.2,1.61e+04]"
146,PSYCHOLOGY,Psychology & Social Work,393735,2584,86648,307087,0.779933204,174438,31500,24000,41000,125148,141860,48207,"(1.21e+05,1.36e+05]","(9.89e+04,1.49e+05]","(2.19e+04,5.13e+04]","(2.63e+05,3.94e+05]","(1.41e+03,2.81e+03]","(5.8e+04,1.16e+05]","(2.05e+05,3.07e+05]","(0.646,0.97]","(1.33e+05,2e+05]","(1.84e+04,4.4e+04]","(2.19e+04,5.63e+04]","(3.21e+04,4.83e+04]"
139,ELEMENTARY EDUCATION,Education,170862,1629,13029,157833,0.923745479,86540,32000,23400,38000,108085,36972,11502,"(1.06e+05,1.21e+05]","(-148,4.95e+04]","(2.19e+04,5.13e+04]","(1.31e+05,2.63e+05]","(1.41e+03,2.81e+03]","(-54.7,5.8e+04]","(1.02e+05,2.05e+05]","(0.646,0.97]","(6.67e+04,1.33e+05]","(1.84e+04,4.4e+04]","(2.19e+04,5.63e+04]","(-48.2,1.61e+04]"
94,COMMUNICATIONS,Communications & Journalism,213996,2394,476,209,0.305109489,116251,35000,27000,45000,40763,97964,27440,"(3.03e+04,4.55e+04]","(4.95e+04,9.89e+04]","(2.19e+04,5.13e+04]","(1.31e+05,2.63e+05]","(1.41e+03,2.81e+03]","(-54.7,5.8e+04]","(-307,1.02e+05]","(-0.000969,0.323]","(6.67e+04,1.33e+05]","(1.84e+04,4.4e+04]","(2.19e+04,5.63e+04]","(1.61e+04,3.21e+04]"
138,ENGLISH LANGUAGE AND LITERATURE,Humanities & Liberal Arts,194673,1436,4897,2519,0.339670982,81180,32000,23000,41000,57690,71827,26503,"(4.55e+04,6.07e+04]","(4.95e+04,9.89e+04]","(2.19e+04,5.13e+04]","(1.31e+05,2.63e+05]","(1.41e+03,2.81e+03]","(-54.7,5.8e+04]","(-307,1.02e+05]","(0.323,0.646]","(6.67e+04,1.33e+05]","(1.84e+04,4.4e+04]","(2.19e+04,5.63e+04]","(1.61e+04,3.21e+04]"
79,POLITICAL SCIENCE AND GOVERNMENT,Social Science,182621,1387,93880,88741,0.485929877,83236,38000,28000,50000,36854,66947,19803,"(3.03e+04,4.55e+04]","(4.95e+04,9.89e+04]","(2.19e+04,5.13e+04]","(1.31e+05,2.63e+05]","(-2.21,1.41e+03]","(5.8e+04,1.16e+05]","(-307,1.02e+05]","(0.323,0.646]","(6.67e+04,1.33e+05]","(1.84e+04,4.4e+04]","(2.19e+04,5.63e+04]","(1.61e+04,3.21e+04]"
9,MECHANICAL ENGINEERING,Engineering,91227,1029,12953,2105,0.139792801,54639,60000,48000,70000,52844,16384,3253,"(4.55e+04,6.07e+04]","(-148,4.95e+04]","(5.13e+04,8.07e+04]","(-270,1.31e+05]","(-2.21,1.41e+03]","(-54.7,5.8e+04]","(-307,1.02e+05]","(-0.000969,0.323]","(-88.8,6.67e+04]","(4.4e+04,6.95e+04]","(5.63e+04,9.07e+04]","(-48.2,1.61e+04]"
42,MATHEMATICS,Computers & Mathematics,72397,541,9005,2908,0.244103081,33738,45000,33000,60000,34800,14829,4569,"(3.03e+04,4.55e+04]","(-148,4.95e+04]","(2.19e+04,5.13e+04]","(-270,1.31e+05]","(-2.21,1.41e+03]","(-54.7,5.8e+04]","(-307,1.02e+05]","(-0.000969,0.323]","(-88.8,6.67e+04]","(1.84e+04,4.4e+04]","(5.63e+04,9.07e+04]","(-48.2,1.61e+04]"
35,NURSING,Health,209394,2554,21773,187621,0.896018988,122817,48000,39000,58000,151643,26146,6193,"(1.36e+05,1.52e+05]","(-148,4.95e+04]","(2.19e+04,5.13e+04]","(1.31e+05,2.63e+05]","(1.41e+03,2.81e+03]","(-54.7,5.8e+04]","(1.02e+05,2.05e+05]","(0.646,0.97]","(6.67e+04,1.33e+05]","(1.84e+04,4.4e+04]","(5.63e+04,9.07e+04]","(-48.2,1.61e+04]"
124,BIOLOGY,Biology & Life Science,280709,1370,111762,168947,0.601858152,100336,33400,24000,45000,88232,81109,28339,"(7.58e+04,9.1e+04]","(4.95e+04,9.89e+04]","(2.19e+04,5.13e+04]","(2.63e+05,3.94e+05]","(-2.21,1.41e+03]","(5.8e+04,1.16e+05]","(1.02e+05,2.05e+05]","(0.323,0.646]","(6.67e+04,1.33e+05]","(1.84e+04,4.4e+04]","(2.19e+04,5.63e+04]","(1.61e+04,3.21e+04]"
114,GENERAL EDUCATION,Education,143718,919,26893,116825,0.812876606,73531,34000,26000,41000,82007,31112,11443,"(7.58e+04,9.1e+04]","(-148,4.95e+04]","(2.19e+04,5.13e+04]","(1.31e+05,2.63e+05]","(-2.21,1.41e+03]","(-54.7,5.8e+04]","(1.02e+05,2.05e+05]","(0.646,0.97]","(6.67e+04,1.33e+05]","(1.84e+04,4.4e+04]","(2.19e+04,5.63e+04]","(-48.2,1.61e+04]"
21,COMPUTER SCIENCE,Computers & Mathematics,128319,1196,1837,2524,0.578766338,70932,53000,39000,70000,68622,25667,5144,"(6.07e+04,7.58e+04]","(-148,4.95e+04]","(5.13e+04,8.07e+04]","(-270,1.31e+05]","(-2.21,1.41e+03]","(-54.7,5.8e+04]","(-307,1.02e+05]","(0.323,0.646]","(6.67e+04,1.33e+05]","(1.84e+04,4.4e+04]","(5.63e+04,9.07e+04]","(-48.2,1.61e+04]"
146,PSYCHOLOGY,Psychology & Social Work,393735,2584,86648,307087,0.779933204,174438,31500,24000,41000,125148,141860,48207,"(1.21e+05,1.36e+05]","(9.89e+04,1.49e+05]","(2.19e+04,5.13e+04]","(2.63e+05,3.94e+05]","(1.41e+03,2.81e+03]","(5.8e+04,1.16e+05]","(2.05e+05,3.07e+05]","(0.646,0.97]","(1.33e+05,2e+05]","(1.84e+04,4.4e+04]","(2.19e+04,5.63e+04]","(3.21e+04,4.83e+04]"
139,ELEMENTARY EDUCATION,Education,170862,1629,13029,157833,0.923745479,86540,32000,23400,38000,108085,36972,11502,"(1.06e+05,1.21e+05]","(-148,4.95e+04]","(2.19e+04,5.13e+04]","(1.31e+05,2.63e+05]","(1.41e+03,2.81e+03]","(-54.7,5.8e+04]","(1.02e+05,2.05e+05]","(0.646,0.97]","(6.67e+04,1.33e+05]","(1.84e+04,4.4e+04]","(2.19e+04,5.63e+04]","(-48.2,1.61e+04]"
94,COMMUNICATIONS,Communications & Journalism,213996,2394,476,209,0.305109489,116251,35000,27000,45000,40763,97964,27440,"(3.03e+04,4.55e+04]","(4.95e+04,9.89e+04]","(2.19e+04,5.13e+04]","(1.31e+05,2.63e+05]","(1.41e+03,2.81e+03]","(-54.7,5.8e+04]","(-307,1.02e+05]","(-0.000969,0.323]","(6.67e+04,1.33e+05]","(1.84e+04,4.4e+04]","(2.19e+04,5.63e+04]","(1.61e+04,3.21e+04]"
138,ENGLISH LANGUAGE AND LITERATURE,Humanities & Liberal Arts,194673,1436,4897,2519,0.339670982,81180,32000,23000,41000,57690,71827,26503,"(4.55e+04,6.07e+04]","(4.95e+04,9.89e+04]","(2.19e+04,5.13e+04]","(1.31e+05,2.63e+05]","(1.41e+03,2.81e+03]","(-54.7,5.8e+04]","(-307,1.02e+05]","(0.323,0.646]","(6.67e+04,1.33e+05]","(1.84e+04,4.4e+04]","(2.19e+04,5.63e+04]","(1.61e+04,3.21e+04]"
79,POLITICAL SCIENCE AND GOVERNMENT,Social Science,182621,1387,93880,88741,0.485929877,83236,38000,28000,50000,36854,66947,19803,"(3.03e+04,4.55e+04]","(4.95e+04,9.89e+04]","(2.19e+04,5.13e+04]","(1.31e+05,2.63e+05]","(-2.21,1.41e+03]","(5.8e+04,1.16e+05]","(-307,1.02e+05]","(0.323,0.646]","(6.67e+04,1.33e+05]","(1.84e+04,4.4e+04]","(2.19e+04,5.63e+04]","(1.61e+04,3.21e+04]"
9,MECHANICAL ENGINEERING,Engineering,91227,1029,12953,2105,0.139792801,54639,60000,48000,70000,52844,16384,3253,"(4.55e+04,6.07e+04]","(-148,4.95e+04]","(5.13e+04,8.07e+04]","(-270,1.31e+05]","(-2.21,1.41e+03]","(-54.7,5.8e+04]","(-307,1.02e+05]","(-0.000969,0.323]","(-88.8,6.67e+04]","(4.4e+04,6.95e+04]","(5.63e+04,9.07e+04]","(-48.2,1.61e+04]"
42,MATHEMATICS,Computers & Mathematics,72397,541,9005,2908,0.244103081,33738,45000,33000,60000,34800,14829,4569,"(3.03e+04,4.55e+04]","(-148,4.95e+04]","(2.19e+04,5.13e+04]","(-270,1.31e+05]","(-2.21,1.41e+03]","(-54.7,5.8e+04]","(-307,1.02e+05]","(-0.000969,0.323]","(-88.8,6.67e+04]","(1.84e+04,4.4e+04]","(5.63e+04,9.07e+04]","(-48.2,1.61e+04]"
35,NURSING,Health,209394,2554,21773,187621,0.896018988,122817,48000,39000,58000,151643,26146,6193,"(1.36e+05,1.52e+05]","(-148,4.95e+04]","(2.19e+04,5.13e+04]","(1.31e+05,2.63e+05]","(1.41e+03,2.81e+03]","(-54.7,5.8e+04]","(1.02e+05,2.05e+05]","(0.646,0.97]","(6.67e+04,1.33e+05]","(1.84e+04,4.4e+04]","(5.63e+04,9.07e+04]","(-48.2,1.61e+04]"
124,BIOLOGY,Biology & Life Science,280709,1370,111762,168947,0.601858152,100336,33400,24000,45000,88232,81109,28339,"(7.58e+04,9.1e+04]","(4.95e+04,9.89e+04]","(2.19e+04,5.13e+04]","(2.63e+05,3.94e+05]","(-2.21,1.41e+03]","(5.8e+04,1.16e+05]","(1.02e+05,2.05e+05]","(0.323,0.646]","(6.67e+04,1.33e+05]","(1.84e+04,4.4e+04]","(2.19e+04,5.63e+04]","(1.61e+04,3.21e+04]"
114,GENERAL EDUCATION,Education,143718,919,26893,116825,0.812876606,73531,34000,26000,41000,82007,31112,11443,"(7.58e+04,9.1e+04]","(-148,4.95e+04]","(2.19e+04,5.13e+04]","(1.31e+05,2.63e+05]","(-2.21,1.41e+03]","(-54.7,5.8e+04]","(1.02e+05,2.05e+05]","(0.646,0.97]","(6.67e+04,1.33e+05]","(1.84e+04,4.4e+04]","(2.19e+04,5.63e+04]","(-48.2,1.61e+04]"
21,COMPUTER SCIENCE,Computers & Mathematics,128319,1196,1837,2524,0.578766338,70932,53000,39000,70000,68622,25667,5144,"(6.07e+04,7.58e+04]","(-148,4.95e+04]","(5.13e+04,8.07e+04]","(-270,1.31e+05]","(-2.21,1.41e+03]","(-54.7,5.8e+04]","(-307,1.02e+05]","(0.323,0.646]","(6.67e+04,1.33e+05]","(1.84e+04,4.4e+04]","(5.63e+04,9.07e+04]","(-48.2,1.61e+04]"
146,PSYCHOLOGY,Psychology & Social Work,393735,2584,86648,307087,0.779933204,174438,31500,24000,41000,125148,141860,48207,"(1.21e+05,1.36e+05]","(9.89e+04,1.49e+05]","(2.19e+04,5.13e+04]","(2.63e+05,3.94e+05]","(1.41e+03,2.81e+03]","(5.8e+04,1.16e+05]","(2.05e+05,3.07e+05]","(0.646,0.97]","(1.33e+05,2e+05]","(1.84e+04,4.4e+04]","(2.19e+04,5.63e+04]","(3.21e+04,4.83e+04]"
139,ELEMENTARY EDUCATION,Education,170862,1629,13029,157833,0.923745479,86540,32000,23400,38000,108085,36972,11502,"(1.06e+05,1.21e+05]","(-148,4.95e+04]","(2.19e+04,5.13e+04]","(1.31e+05,2.63e+05]","(1.41e+03,2.81e+03]","(-54.7,5.8e+04]","(1.02e+05,2.05e+05]","(0.646,0.97]","(6.67e+04,1.33e+05]","(1.84e+04,4.4e+04]","(2.19e+04,5.63e+04]","(-48.2,1.61e+04]"
94,COMMUNICATIONS,Communications & Journalism,213996,2394,476,209,0.305109489,116251,35000,27000,45000,40763,97964,27440,"(3.03e+04,4.55e+04]","(4.95e+04,9.89e+04]","(2.19e+04,5.13e+04]","(1.31e+05,2.63e+05]","(1.41e+03,2.81e+03]","(-54.7,5.8e+04]","(-307,1.02e+05]","(-0.000969,0.323]","(6.67e+04,1.33e+05]","(1.84e+04,4.4e+04]","(2.19e+04,5.63e+04]","(1.61e+04,3.21e+04]"
138,ENGLISH LANGUAGE AND LITERATURE,Humanities & Liberal Arts,194673,1436,4897,2519,0.339670982,81180,32000,23000,41000,57690,71827,26503,"(4.55e+04,6.07e+04]","(4.95e+04,9.89e+04]","(2.19e+04,5.13e+04]","(1.31e+05,2.63e+05]","(1.41e+03,2.81e+03]","(-54.7,5.8e+04]","(-307,1.02e+05]","(0.323,0.646]","(6.67e+04,1.33e+05]","(1.84e+04,4.4e+04]","(2.19e+04,5.63e+04]","(1.61e+04,3.21e+04]"
79,POLITICAL SCIENCE AND GOVERNMENT,Social Science,182621,1387,93880,88741,0.485929877,83236,38000,28000,50000,36854,66947,19803,"(3.03e+04,4.55e+04]","(4.95e+04,9.89e+04]","(2.19e+04,5.13e+04]","(1.31e+05,2.63e+05]","(-2.21,1.41e+03]","(5.8e+04,1.16e+05]","(-307,1.02e+05]","(0.323,0.646]","(6.67e+04,1.33e+05]","(1.84e+04,4.4e+04]","(2.19e+04,5.63e+04]","(1.61e+04,3.21e+04]"
9,MECHANICAL ENGINEERING,Engineering,91227,1029,12953,2105,0.139792801,54639,60000,48000,70000,52844,16384,3253,"(4.55e+04,6.07e+04]","(-148,4.95e+04]","(5.13e+04,8.07e+04]","(-270,1.31e+05]","(-2.21,1.41e+03]","(-54.7,5.8e+04]","(-307,1.02e+05]","(-0.000969,0.323]","(-88.8,6.67e+04]","(4.4e+04,6.95e+04]","(5.63e+04,9.07e+04]","(-48.2,1.61e+04]"
42,MATHEMATICS,Computers & Mathematics,72397,541,9005,2908,0.244103081,33738,45000,33000,60000,34800,14829,4569,"(3.03e+04,4.55e+04]","(-148,4.95e+04]","(2.19e+04,5.13e+04]","(-270,1.31e+05]","(-2.21,1.41e+03]","(-54.7,5.8e+04]","(-307,1.02e+05]","(-0.000969,0.323]","(-88.8,6.67e+04]","(1.84e+04,4.4e+04]","(5.63e+04,9.07e+04]","(-48.2,1.61e+04]"
35,NURSING,Health,209394,2554,21773,187621,0.896018988,122817,48000,39000,58000,151643,26146,6193,"(1.36e+05,1.52e+05]","(-148,4.95e+04]","(2.19e+04,5.13e+04]","(1.31e+05,2.63e+05]","(1.41e+03,2.81e+03]","(-54.7,5.8e+04]","(1.02e+05,2.05e+05]","(0.646,0.97]","(6.67e+04,1.33e+05]","(1.84e+04,4.4e+04]","(5.63e+04,9.07e+04]","(-48.2,1.61e+04]"
124,BIOLOGY,Biology & Life Science,280709,1370,111762,168947,0.601858152,100336,33400,24000,45000,88232,81109,28339,"(7.58e+04,9.1e+04]","(4.95e+04,9.89e+04]","(2.19e+04,5.13e+04]","(2.63e+05,3.94e+05]","(-2.21,1.41e+03]","(5.8e+04,1.16e+05]","(1.02e+05,2.05e+05]","(0.323,0.646]","(6.67e+04,1.33e+05]","(1.84e+04,4.4e+04]","(2.19e+04,5.63e+04]","(1.61e+04,3.21e+04]"
114,GENERAL EDUCATION,Education,143718,919,26893,116825,0.812876606,73531,34000,26000,41000,82007,31112,11443,"(7.58e+04,9.1e+04]","(-148,4.95e+04]","(2.19e+04,5.13e+04]","(1.31e+05,2.63e+05]","(-2.21,1.41e+03]","(-54.7,5.8e+04]","(1.02e+05,2.05e+05]","(0.646,0.97]","(6.67e+04,1.33e+05]","(1.84e+04,4.4e+04]","(2.19e+04,5.63e+04]","(-48.2,1.61e+04]"
21,COMPUTER SCIENCE,Computers & Mathematics,128319,1196,1837,2524,0.578766338,70932,53000,39000,70000,68622,25667,5144,"(6.07e+04,7.58e+04]","(-148,4.95e+04]","(5.13e+04,8.07e+04]","(-270,1.31e+05]","(-2.21,1.41e+03]","(-54.7,5.8e+04]","(-307,1.02e+05]","(0.323,0.646]","(6.67e+04,1.33e+05]","(1.84e+04,4.4e+04]","(5.63e+04,9.07e+04]","(-48.2,1.61e+04]"
146,PSYCHOLOGY,Psychology & Social Work,393735,2584,86648,307087,0.779933204,174438,31500,24000,41000,125148,141860,48207,"(1.21e+05,1.36e+05]","(9.89e+04,1.49e+05]","(2.19e+04,5.13e+04]","(2.63e+05,3.94e+05]","(1.41e+03,2.81e+03]","(5.8e+04,1.16e+05]","(2.05e+05,3.07e+05]","(0.646,0.97]","(1.33e+05,2e+05]","(1.84e+04,4.4e+04]","(2.19e+04,5.63e+04]","(3.21e+04,4.83e+04]"
139,ELEMENTARY EDUCATION,Education,170862,1629,13029,157833,0.923745479,86540,32000,23400,38000,108085,36972,11502,"(1.06e+05,1.21e+05]","(-148,4.95e+04]","(2.19e+04,5.13e+04]","(1.31e+05,2.63e+05]","(1.41e+03,2.81e+03]","(-54.7,5.8e+04]","(1.02e+05,2.05e+05]","(0.646,0.97]","(6.67e+04,1.33e+05]","(1.84e+04,4.4e+04]","(2.19e+04,5.63e+04]","(-48.2,1.61e+04]"
94,COMMUNICATIONS,Communications & Journalism,213996,2394,476,209,0.305109489,116251,35000,27000,45000,40763,97964,27440,"(3.03e+04,4.55e+04]","(4.95e+04,9.89e+04]","(2.19e+04,5.13e+04]","(1.31e+05,2.63e+05]","(1.41e+03,2.81e+03]","(-54.7,5.8e+04]","(-307,1.02e+05]","(-0.000969,0.323]","(6.67e+04,1.33e+05]","(1.84e+04,4.4e+04]","(2.19e+04,5.63e+04]","(1.61e+04,3.21e+04]"
138,ENGLISH LANGUAGE AND LITERATURE,Humanities & Liberal Arts,194673,1436,4897,2519,0.339670982,81180,32000,23000,41000,57690,71827,26503,"(4.55e+04,6.07e+04]","(4.95e+04,9.89e+04]","(2.19e+04,5.13e+04]","(1.31e+05,2.63e+05]","(1.41e+03,2.81e+03]","(-54.7,5.8e+04]","(-307,1.02e+05]","(0.323,0.646]","(6.67e+04,1.33e+05]","(1.84e+04,4.4e+04]","(2.19e+04,5.63e+04]","(1.61e+04,3.21e+04]"
79,POLITICAL SCIENCE AND GOVERNMENT,Social Science,182621,1387,93880,88741,0.485929877,83236,38000,28000,50000,36854,66947,19803,"(3.03e+04,4.55e+04]","(4.95e+04,9.89e+04]","(2.19e+04,5.13e+04]","(1.31e+05,2.63e+05]","(-2.21,1.41e+03]","(5.8e+04,1.16e+05]","(-307,1.02e+05]","(0.323,0.646]","(6.67e+04,1.33e+05]","(1.84e+04,4.4e+04]","(2.19e+04,5.63e+04]","(1.61e+04,3.21e+04]"
9,MECHANICAL ENGINEERING,Engineering,91227,1029,12953,2105,0.139792801,54639,60000,48000,70000,52844,16384,3253,"(4.55e+04,6.07e+04]","(-148,4.95e+04]","(5.13e+04,8.07e+04]","(-270,1.31e+05]","(-2.21,1.41e+03]","(-54.7,5.8e+04]","(-307,1.02e+05]","(-0.000969,0.323]","(-88.8,6.67e+04]","(4.4e+04,6.95e+04]","(5.63e+04,9.07e+04]","(-48.2,1.61e+04]"
42,MATHEMATICS,Computers & Mathematics,72397,541,9005,2908,0.244103081,33738,45000,33000,60000,34800,14829,4569,"(3.03e+04,4.55e+04]","(-148,4.95e+04]","(2.19e+04,5.13e+04]","(-270,1.31e+05]","(-2.21,1.41e+03]","(-54.7,5.8e+04]","(-307,1.02e+05]","(-0.000969,0.323]","(-88.8,6.67e+04]","(1.84e+04,4.4e+04]","(5.63e+04,9.07e+04]","(-48.2,1.61e+04]"
35,NURSING,Health,209394,2554,21773,187621,0.896018988,122817,48000,39000,58000,151643,26146,6193,"(1.36e+05,1.52e+05]","(-148,4.95e+04]","(2.19e+04,5.13e+04]","(1.31e+05,2.63e+05]","(1.41e+03,2.81e+03]","(-54.7,5.8e+04]","(1.02e+05,2.05e+05]","(0.646,0.97]","(6.67e+04,1.33e+05]","(1.84e+04,4.4e+04]","(5.63e+04,9.07e+04]","(-48.2,1.61e+04]"
124,BIOLOGY,Biology & Life Science,280709,1370,111762,168947,0.601858152,100336,33400,24000,45000,88232,81109,28339,"(7.58e+04,9.1e+04]","(4.95e+04,9.89e+04]","(2.19e+04,5.13e+04]","(2.63e+05,3.94e+05]","(-2.21,1.41e+03]","(5.8e+04,1.16e+05]","(1.02e+05,2.05e+05]","(0.323,0.646]","(6.67e+04,1.33e+05]","(1.84e+04,4.4e+04]","(2.19e+04,5.63e+04]","(1.61e+04,3.21e+04]"
114,GENERAL EDUCATION,Education,143718,919,26893,116825,0.812876606,73531,34000,26000,41000,82007,31112,11443,"(7.58e+04,9.1e+04]","(-148,4.95e+04]","(2.19e+04,5.13e+04]","(1.31e+05,2.63e+05]","(-2.21,1.41e+03]","(-54.7,5.8e+04]","(1.02e+05,2.05e+05]","(0.646,0.97]","(6.67e+04,1.33e+05]","(1.84e+04,4.4e+04]","(2.19e+04,5.63e+04]","(-48.2,1.61e+04]"
21,COMPUTER SCIENCE,Computers & Mathematics,128319,1196,1837,2524,0.578766338,70932,53000,39000,70000,68622,25667,5144,"(6.07e+04,7.58e+04]","(-148,4.95e+04]","(5.13e+04,8.07e+04]","(-270,1.31e+05]","(-2.21,1.41e+03]","(-54.7,5.8e+04]","(-307,1.02e+05]","(0.323,0.646]","(6.67e+04,1.33e+05]","(1.84e+04,4.4e+04]","(5.63e+04,9.07e+04]","(-48.2,1.61e+04]"
146,PSYCHOLOGY,Psychology & Social Work,393735,2584,86648,307087,0.779933204,174438,31500,24000,41000,125148,141860,48207,"(1.21e+05,1.36e+05]","(9.89e+04,1.49e+05]","(2.19e+04,5.13e+04]","(2.63e+05,3.94e+05]","(1.41e+03,2.81e+03]","(5.8e+04,1.16e+05]","(2.05e+05,3.07e+05]","(0.646,0.97]","(1.33e+05,2e+05]","(1.84e+04,4.4e+04]","(2.19e+04,5.63e+04]","(3.21e+04,4.83e+04]"
139,ELEMENTARY EDUCATION,Education,170862,1629,13029,157833,0.923745479,86540,32000,23400,38000,108085,36972,11502,"(1.06e+05,1.21e+05]","(-148,4.95e+04]","(2.19e+04,5.13e+04]","(1.31e+05,2.63e+05]","(1.41e+03,2.81e+03]","(-54.7,5.8e+04]","(1.02e+05,2.05e+05]","(0.646,0.97]","(6.67e+04,1.33e+05]","(1.84e+04,4.4e+04]","(2.19e+04,5.63e+04]","(-48.2,1.61e+04]"
94,COMMUNICATIONS,Communications & Journalism,213996,2394,476,209,0.305109489,116251,35000,27000,45000,40763,97964,27440,"(3.03e+04,4.55e+04]","(4.95e+04,9.89e+04]","(2.19e+04,5.13e+04]","(1.31e+05,2.63e+05]","(1.41e+03,2.81e+03]","(-54.7,5.8e+04]","(-307,1.02e+05]","(-0.000969,0.323]","(6.67e+04,1.33e+05]","(1.84e+04,4.4e+04]","(2.19e+04,5.63e+04]","(1.61e+04,3.21e+04]"
138,ENGLISH LANGUAGE AND LITERATURE,Humanities & Liberal Arts,194673,1436,4897,2519,0.339670982,81180,32000,23000,41000,57690,71827,26503,"(4.55e+04,6.07e+04]","(4.95e+04,9.89e+04]","(2.19e+04,5.13e+04]","(1.31e+05,2.63e+05]","(1.41e+03,2.81e+03]","(-54.7,5.8e+04]","(-307,1.02e+05]","(0.323,0.646]","(6.67e+04,1.33e+05]","(1.84e+04,4.4e+04]","(2.19e+04,5.63e+04]","(1.61e+04,3.21e+04]"
79,POLITICAL SCIENCE AND GOVERNMENT,Social Science,182621,1387,93880,88741,0.485929877,83236,38000,28000,50000,36854,66947,19803,"(3.03e+04,4.55e+04]","(4.95e+04,9.89e+04]","(2.19e+04,5.13e+04]","(1.31e+05,2.63e+05]","(-2.21,1.41e+03]","(5.8e+04,1.16e+05]","(-307,1.02e+05]","(0.323,0.646]","(6.67e+04,1.33e+05]","(1.84e+04,4.4e+04]","(2.19e+04,5.63e+04]","(1.61e+04,3.21e+04]"
9,MECHANICAL ENGINEERING,Engineering,91227,1029,12953,2105,0.139792801,54639,60000,48000,70000,52844,16384,3253,"(4.55e+04,6.07e+04]","(-148,4.95e+04]","(5.13e+04,8.07e+04]","(-270,1.31e+05]","(-2.21,1.41e+03]","(-54.7,5.8e+04]","(-307,1.02e+05]","(-0.000969,0.323]","(-88.8,6.67e+04]","(4.4e+04,6.95e+04]","(5.63e+04,9.07e+04]","(-48.2,1.61e+04]"
42,MATHEMATICS,Computers & Mathematics,72397,541,9005,2908,0.244103081,33738,45000,33000,60000,34800,14829,4569,"(3.03e+04,4.55e+04]","(-148,4.95e+04]","(2.19e+04,5.13e+04]","(-270,1.31e+05]","(-2.21,1.41e+03]","(-54.7,5.8e+04]","(-307,1.02e+05]","(-0.000969,0.323]","(-88.8,6.67e+04]","(1.84e+04,4.4e+04]","(5.63e+04,9.07e+04]","(-48.2,1.61e+04]"
35,NURSING,Health,209394,2554,21773,187621,0.896018988,122817,48000,39000,58000,151643,26146,6193,"(1.36e+05,1.52e+05]","(-148,4.95e+04]","(2.19e+04,5.13e+04]","(1.31e+05,2.63e+05]","(1.41e+03,2.81e+03]","(-54.7,5.8e+04]","(1.02e+05,2.05e+05]","(0.646,0.97]","(6.67e+04,1.33e+05]","(1.84e+04,4.4e+04]","(5.63e+04,9.07e+04]","(-48.2,1.61e+04]"
124,BIOLOGY,Biology & Life Science,280709,1370,111762,168947,0.601858152,100336,33400,24000,45000,88232,81109,28339,"(7.58e+04,9.1e+04]","(4.95e+04,9.89e+04]","(2.19e+04,5.13e+04]","(2.63e+05,3.94e+05]","(-2.21,1.41e+03]","(5.8e+04,1.16e+05]","(1.02e+05,2.05e+05]","(0.323,0.646]","(6.67e+04,1.33e+05]","(1.84e+04,4.4e+04]","(2.19e+04,5.63e+04]","(1.61e+04,3.21e+04]"
114,GENERAL EDUCATION,Education,143718,919,26893,116825,0.812876606,73531,34000,26000,41000,82007,31112,11443,"(7.58e+04,9.1e+04]","(-148,4.95e+04]","(2.19e+04,5.13e+04]","(1.31e+05,2.63e+05]","(-2.21,1.41e+03]","(-54.7,5.8e+04]","(1.02e+05,2.05e+05]","(0.646,0.97]","(6.67e+04,1.33e+05]","(1.84e+04,4.4e+04]","(2.19e+04,5.63e+04]","(-48.2,1.61e+04]"
21,COMPUTER SCIENCE,Computers & Mathematics,128319,1196,1837,2524,0.578766338,70932,53000,39000,70000,68622,25667,5144,"(6.07e+04,7.58e+04]","(-148,4.95e+04]","(5.13e+04,8.07e+04]","(-270,1.31e+05]","(-2.21,1.41e+03]","(-54.7,5.8e+04]","(-307,1.02e+05]","(0.323,0.646]","(6.67e+04,1.33e+05]","(1.84e+04,4.4e+04]","(5.63e+04,9.07e+04]","(-48.2,1.61e+04]"
146,PSYCHOLOGY,Psychology & Social Work,393735,2584,86648,307087,0.779933204,174438,31500,24000,41000,125148,141860,48207,"(1.21e+05,1.36e+05]","(9.89e+04,1.49e+05]","(2.19e+04,5.13e+04]","(2.63e+05,3.94e+05]","(1.41e+03,2.81e+03]","(5.8e+04,1.16e+05]","(2.05e+05,3.07e+05]","(0.646,0.97]","(1.33e+05,2e+05]","(1.84e+04,4.4e+04]","(2.19e+04,5.63e+04]","(3.21e+04,4.83e+04]"
139,ELEMENTARY EDUCATION,Education,170862,1629,13029,157833,0.923745479,86540,32000,23400,38000,108085,36972,11502,"(1.06e+05,1.21e+05]","(-148,4.95e+04]","(2.19e+04,5.13e+04]","(1.31e+05,2.63e+05]","(1.41e+03,2.81e+03]","(-54.7,5.8e+04]","(1.02e+05,2.05e+05]","(0.646,0.97]","(6.67e+04,1.33e+05]","(1.84e+04,4.4e+04]","(2.19e+04,5.63e+04]","(-48.2,1.61e+04]"
94,COMMUNICATIONS,Communications & Journalism,213996,2394,476,209,0.305109489,116251,35000,27000,45000,40763,97964,27440,"(3.03e+04,4.55e+04]","(4.95e+04,9.89e+04]","(2.19e+04,5.13e+04]","(1.31e+05,2.63e+05]","(1.41e+03,2.81e+03]","(-54.7,5.8e+04]","(-307,1.02e+05]","(-0.000969,0.323]","(6.67e+04,1.33e+05]","(1.84e+04,4.4e+04]","(2.19e+04,5.63e+04]","(1.61e+04,3.21e+04]"
138,ENGLISH LANGUAGE AND LITERATURE,Humanities & Liberal Arts,194673,1436,4897,2519,0.339670982,81180,32000,23000,41000,57690,71827,26503,"(4.55e+04,6.07e+04]","(4.95e+04,9.89e+04]","(2.19e+04,5.13e+04]","(1.31e+05,2.63e+05]","(1.41e+03,2.81e+03]","(-54.7,5.8e+04]","(-307,1.02e+05]","(0.323,0.646]","(6.67e+04,1.33e+05]","(1.84e+04,4.4e+04]","(2.19e+04,5.63e+04]","(1.61e+04,3.21e+04]"
79,POLITICAL SCIENCE AND GOVERNMENT,Social Science,182621,1387,93880,88741,0.485929877,83236,38000,28000,50000,36854,66947,19803,"(3.03e+04,4.55e+04]","(4.95e+04,9.89e+04]","(2.19e+04,5.13e+04]","(1.31e+05,2.63e+05]","(-2.21,1.41e+03]","(5.8e+04,1.16e+05]","(-307,1.02e+05]","(0.323,0.646]","(6.67e+04,1.33e+05]","(1.84e+04,4.4e+04]","(2.19e+04,5.63e+04]","(1.61e+04,3.21e+04]"
9,MECHANICAL ENGINEERING,Engineering,91227,1029,12953,2105,0.139792801,54639,60000,48000,70000,52844,16384,3253,"(4.55e+04,6.07e+04]","(-148,4.95e+04]","(5.13e+04,8.07e+04]","(-270,1.31e+05]","(-2.21,1.41e+03]","(-54.7,5.8e+04]","(-307,1.02e+05]","(-0.000969,0.323]","(-88.8,6.67e+04]","(4.4e+04,6.95e+04]","(5.63e+04,9.07e+04]","(-48.2,1.61e+04]"
42,MATHEMATICS,Computers & Mathematics,72397,541,9005,2908,0.244103081,33738,45000,33000,60000,34800,14829,4569,"(3.03e+04,4.55e+04]","(-148,4.95e+04]","(2.19e+04,5.13e+04]","(-270,1.31e+05]","(-2.21,1.41e+03]","(-54.7,5.8e+04]","(-307,1.02e+05]","(-0.000969,0.323]","(-88.8,6.67e+04]","(1.84e+04,4.4e+04]","(5.63e+04,9.07e+04]","(-48.2,1.61e+04]"
35,NURSING,Health,209394,2554,21773,187621,0.896018988,122817,48000,39000,58000,151643,26146,6193,"(1.36e+05,1.52e+05]","(-148,4.95e+04]","(2.19e+04,5.13e+04]","(1.31e+05,2.63e+05]","(1.41e+03,2.81e+03]","(-54.7,5.8e+04]","(1.02e+05,2.05e+05]","(0.646,0.97]","(6.67e+04,1.33e+05]","(1.84e+04,4.4e+04]","(5.63e+04,9.07e+04]","(-48.2,1.61e+04]"
124,BIOLOGY,Biology & Life Science,280709,1370,111762,168947,0.601858152,100336,33400,24000,45000,88232,81109,28339,"(7.58e+04,9.1e+04]","(4.95e+04,9.89e+04]","(2.19e+04,5.13e+04]","(2.63e+05,3.94e+05]","(-2.21,1.41e+03]","(5.8e+04,1.16e+05]","(1.02e+05,2.05e+05]","(0.323,0.646]","(6.67e+04,1.33e+05]","(1.84e+04,4.4e+04]","(2.19e+04,5.63e+04]","(1.61e+04,3.21e+04]"
114,GENERAL EDUCATION,Education,143718,919,26893,116825,0.812876606,73531,34000,26000,41000,82007,31112,11443,"(7.58e+04,9.1e+04]","(-148,4.95e+04]","(2.19e+04,5.13e+04]","(1.31e+05,2.63e+05]","(-2.21,1.41e+03]","(-54.7,5.8e+04]","(1.02e+05,2.05e+05]","(0.646,0.97]","(6.67e+04,1.33e+05]","(1.84e+04,4.4e+04]","(2.19e+04,5.63e+04]","(-48.2,1.61e+04]"
21,COMPUTER SCIENCE,Computers & Mathematics,128319,1196,1837,2524,0.578766338,70932,53000,39000,70000,68622,25667,5144,"(6.07e+04,7.58e+04]","(-148,4.95e+04]","(5.13e+04,8.07e+04]","(-270,1.31e+05]","(-2.21,1.41e+03]","(-54.7,5.8e+04]","(-307,1.02e+05]","(0.323,0.646]","(6.67e+04,1.33e+05]","(1.84e+04,4.4e+04]","(5.63e+04,9.07e+04]","(-48.2,1.61e+04]"
146,PSYCHOLOGY,Psychology & Social Work,393735,2584,86648,307087,0.779933204,174438,31500,24000,41000,125148,141860,48207,"(1.21e+05,1.36e+05]","(9.89e+04,1.49e+05]","(2.19e+04,5.13e+04]","(2.63e+05,3.94e+05]","(1.41e+03,2.81e+03]","(5.8e+04,1.16e+05]","(2.05e+05,3.07e+05]","(0.646,0.97]","(1.33e+05,2e+05]","(1.84e+04,4.4e+04]","(2.19e+04,5.63e+04]","(3.21e+04,4.83e+04]"
139,ELEMENTARY EDUCATION,Education,170862,1629,13029,157833,0.923745479,86540,32000,23400,38000,108085,36972,11502,"(1.06e+05,1.21e+05]","(-148,4.95e+04]","(2.19e+04,5.13e+04]","(1.31e+05,2.63e+05]","(1.41e+03,2.81e+03]","(-54.7,5.8e+04]","(1.02e+05,2.05e+05]","(0.646,0.97]","(6.67e+04,1.33e+05]","(1.84e+04,4.4e+04]","(2.19e+04,5.63e+04]","(-48.2,1.61e+04]"
94,COMMUNICATIONS,Communications & Journalism,213996,2394,476,209,0.305109489,116251,35000,27000,45000,40763,97964,27440,"(3.03e+04,4.55e+04]","(4.95e+04,9.89e+04]","(2.19e+04,5.13e+04]","(1.31e+05,2.63e+05]","(1.41e+03,2.81e+03]","(-54.7,5.8e+04]","(-307,1.02e+05]","(-0.000969,0.323]","(6.67e+04,1.33e+05]","(1.84e+04,4.4e+04]","(2.19e+04,5.63e+04]","(1.61e+04,3.21e+04]"
138,ENGLISH LANGUAGE AND LITERATURE,Humanities & Liberal Arts,194673,1436,4897,2519,0.339670982,81180,32000,23000,41000,57690,71827,26503,"(4.55e+04,6.07e+04]","(4.95e+04,9.89e+04]","(2.19e+04,5.13e+04]","(1.31e+05,2.63e+05]","(1.41e+03,2.81e+03]","(-54.7,5.8e+04]","(-307,1.02e+05]","(0.323,0.646]","(6.67e+04,1.33e+05]","(1.84e+04,4.4e+04]","(2.19e+04,5.63e+04]","(1.61e+04,3.21e+04]"
79,POLITICAL SCIENCE AND GOVERNMENT,Social Science,182621,1387,93880,88741,0.485929877,83236,38000,28000,50000,36854,66947,19803,"(3.03e+04,4.55e+04]","(4.95e+04,9.89e+04]","(2.19e+04,5.13e+04]","(1.31e+05,2.63e+05]","(-2.21,1.41e+03]","(5.8e+04,1.16e+05]","(-307,1.02e+05]","(0.323,0.646]","(6.67e+04,1.33e+05]","(1.84e+04,4.4e+04]","(2.19e+04,5.63e+04]","(1.61e+04,3.21e+04]"
9,MECHANICAL ENGINEERING,Engineering,91227,1029,12953,2105,0.139792801,54639,60000,48000,70000,52844,16384,3253,"(4.55e+04,6.07e+04]","(-148,4.95e+04]","(5.13e+04,8.07e+04]","(-270,1.31e+05]","(-2.21,1.41e+03]","(-54.7,5.8e+04]","(-307,1.02e+05]","(-0.000969,0.323]","(-88.8,6.67e+04]","(4.4e+04,6.95e+04]","(5.63e+04,9.07e+04]","(-48.2,1.61e+04]"
42,MATHEMATICS,Computers & Mathematics,72397,541,9005,2908,0.244103081,33738,45000,33000,60000,34800,14829,4569,"(3.03e+04,4.55e+04]","(-148,4.95e+04]","(2.19e+04,5.13e+04]","(-270,1.31e+05]","(-2.21,1.41e+03]","(-54.7,5.8e+04]","(-307,1.02e+05]","(-0.000969,0.323]","(-88.8,6.67e+04]","(1.84e+04,4.4e+04]","(5.63e+04,9.07e+04]","(-48.2,1.61e+04]"
151,FAMILY AND CONSUMER SCIENCES,Industrial Arts & Consumer Services,58001,518,5347,16226,0.752143884,26906,30000,22900,40000,20985,20133,5248,"(1.52e+04,3.03e+04]","(-148,4.95e+04]","(2.19e+04,5.13e+04]","(-270,1.31e+05]","(-2.21,1.41e+03]","(-54.7,5.8e+04]","(-307,1.02e+05]","(0.646,0.97]","(-88.8,6.67e+04]","(1.84e+04,4.4e+04]","(2.19e+04,5.63e+04]","(-48.2,1.61e+04]"
11,COMPUTER ENGINEERING,Engineering,41542,399,33258,8284,0.199412643,23621,60000,45000,75000,23694,5721,980,"(1.52e+04,3.03e+04]","(-148,4.95e+04]","(5.13e+04,8.07e+04]","(-270,1.31e+05]","(-2.21,1.41e+03]","(-54.7,5.8e+04]","(-307,1.02e+05]","(-0.000969,0.323]","(-88.8,6.67e+04]","(4.4e+04,6.95e+04]","(5.63e+04,9.07e+04]","(-48.2,1.61e+04]"
125,SOCIOLOGY,Social Science,115433,1024,24704,28120,0.532333788,56561,33000,25000,44000,29051,48899,13748,"(1.52e+04,3.03e+04]","(-148,4.95e+04]","(2.19e+04,5.13e+04]","(-270,1.31e+05]","(-2.21,1.41e+03]","(-54.7,5.8e+04]","(-307,1.02e+05]","(0.323,0.646]","(-88.8,6.67e+04]","(1.84e+04,4.4e+04]","(2.19e+04,5.63e+04]","(-48.2,1.61e+04]"
97,JOURNALISM,Communications & Journalism,72619,843,8739,22456,0.719858952,39524,35000,26000,42900,23279,26672,8512,"(1.52e+04,3.03e+04]","(-148,4.95e+04]","(2.19e+04,5.13e+04]","(-270,1.31e+05]","(-2.21,1.41e+03]","(-54.7,5.8e+04]","(-307,1.02e+05]","(0.646,0.97]","(-88.8,6.67e+04]","(1.84e+04,4.4e+04]","(2.19e+04,5.63e+04]","(-48.2,1.61e+04]"
150,FINE ARTS,Arts,74440,623,24786,49654,0.667033853,31877,30500,21000,41000,20792,32725,11880,"(1.52e+04,3.03e+04]","(-148,4.95e+04]","(2.19e+04,5.13e+04]","(-270,1.31e+05]","(-2.21,1.41e+03]","(-54.7,5.8e+04]","(-307,1.02e+05]","(0.646,0.97]","(-88.8,6.67e+04]","(1.84e+04,4.4e+04]","(2.19e+04,5.63e+04]","(-48.2,1.61e+04]"
129,LANGUAGE AND DRAMA EDUCATION,Education,30471,235,3878,5276,0.576360061,15266,33000,24000,40000,17985,6824,2819,"(1.52e+04,3.03e+04]","(-148,4.95e+04]","(2.19e+04,5.13e+04]","(-270,1.31e+05]","(-2.21,1.41e+03]","(-54.7,5.8e+04]","(-307,1.02e+05]","(0.323,0.646]","(-88.8,6.67e+04]","(1.84e+04,4.4e+04]","(2.19e+04,5.63e+04]","(-48.2,1.61e+04]"
164,COMMUNICATION DISORDERS SCIENCES AND SERVICES,Health,38279,95,11376,27468,0.707136237,14460,28000,20000,40000,19957,9404,5125,"(1.52e+04,3.03e+04]","(-148,4.95e+04]","(2.19e+04,5.13e+04]","(-270,1.31e+05]","(-2.21,1.41e+03]","(-54.7,5.8e+04]","(-307,1.02e+05]","(0.646,0.97]","(-88.8,6.67e+04]","(1.84e+04,4.4e+04]","(2.19e+04,5.63e+04]","(-48.2,1.61e+04]"
83,BIOCHEMICAL SCIENCES,Biology & Life Science,39107,174,18951,20156,0.515406449,13785,37400,29000,50000,15654,8394,3012,"(1.52e+04,3.03e+04]","(-148,4.95e+04]","(2.19e+04,5.13e+04]","(-270,1.31e+05]","(-2.21,1.41e+03]","(-54.7,5.8e+04]","(-307,1.02e+05]","(0.323,0.646]","(-88.8,6.67e+04]","(1.84e+04,4.4e+04]","(2.19e+04,5.63e+04]","(-48.2,1.61e+04]"
141,LIBERAL ARTS,Humanities & Liberal Arts,71369,569,58227,136446,0.70089843,33438,32000,25000,42000,18565,28558,9030,"(1.52e+04,3.03e+04]","(-148,4.95e+04]","(2.19e+04,5.13e+04]","(-270,1.31e+05]","(-2.21,1.41e+03]","(5.8e+04,1.16e+05]","(1.02e+05,2.05e+05]","(0.646,0.97]","(-88.8,6.67e+04]","(1.84e+04,4.4e+04]","(2.19e+04,5.63e+04]","(-48.2,1.61e+04]"
58,GENERAL BUSINESS,Business,234590,2380,6053,4346,0.4179248,138299,40000,30000,55000,29334,100831,27320,"(1.52e+04,3.03e+04]","(9.89e+04,1.49e+05]","(2.19e+04,5.13e+04]","(1.31e+05,2.63e+05]","(1.41e+03,2.81e+03]","(-54.7,5.8e+04]","(-307,1.02e+05]","(0.323,0.646]","(1.33e+05,2e+05]","(1.84e+04,4.4e+04]","(2.19e+04,5.63e+04]","(1.61e+04,3.21e+04]"
140,PHYSICAL FITNESS PARKS RECREATION AND LEISURE,Industrial Arts & Consumer Services,125074,1014,2049,4434,0.683942619,57978,32000,24000,43000,27581,63946,16838,"(1.52e+04,3.03e+04]","(4.95e+04,9.89e+04]","(2.19e+04,5.13e+04]","(-270,1.31e+05]","(-2.21,1.41e+03]","(-54.7,5.8e+04]","(-307,1.02e+05]","(0.646,0.97]","(-88.8,6.67e+04]","(1.84e+04,4.4e+04]","(2.19e+04,5.63e+04]","(1.61e+04,3.21e+04]"
37,ECONOMICS,Social Science,139247,1322,115030,59476,0.340824957,70740,47000,35000,65000,25582,37057,10653,"(1.52e+04,3.03e+04]","(-148,4.95e+04]","(2.19e+04,5.13e+04]","(1.31e+05,2.63e+05]","(-2.21,1.41e+03]","(5.8e+04,1.16e+05]","(-307,1.02e+05]","(0.323,0.646]","(6.67e+04,1.33e+05]","(1.84e+04,4.4e+04]","(5.63e+04,9.07e+04]","(-48.2,1.61e+04]"
78,MARKETING AND MARKETING RESEARCH,Business,205211,2684,11404,7076,0.382900433,127230,38000,30000,50000,25320,93889,27968,"(1.52e+04,3.03e+04]","(4.95e+04,9.89e+04]","(2.19e+04,5.13e+04]","(1.31e+05,2.63e+05]","(1.41e+03,2.81e+03]","(-54.7,5.8e+04]","(-307,1.02e+05]","(0.323,0.646]","(6.67e+04,1.33e+05]","(1.84e+04,4.4e+04]","(2.19e+04,5.63e+04]","(1.61e+04,3.21e+04]"
137,ART AND MUSIC EDUCATION,Education,34181,338,10732,23449,0.6860244,16537,32100,25000,40000,20821,8260,2767,"(1.52e+04,3.03e+04]","(-148,4.95e+04]","(2.19e+04,5.13e+04]","(-270,1.31e+05]","(-2.21,1.41e+03]","(-54.7,5.8e+04]","(-307,1.02e+05]","(0.646,0.97]","(-88.8,6.67e+04]","(1.84e+04,4.4e+04]","(2.19e+04,5.63e+04]","(-48.2,1.61e+04]"
98,MULTI-DISCIPLINARY OR GENERAL SCIENCE,Physical Sciences,62052,427,70619,143377,0.669998505,28966,35000,24000,50000,17923,22039,5751,"(1.52e+04,3.03e+04]","(-148,4.95e+04]","(2.19e+04,5.13e+04]","(-270,1.31e+05]","(-2.21,1.41e+03]","(5.8e+04,1.16e+05]","(1.02e+05,2.05e+05]","(0.646,0.97]","(-88.8,6.67e+04]","(1.84e+04,4.4e+04]","(2.19e+04,5.63e+04]","(-48.2,1.61e+04]"
36,FINANCE,Business,174506,2189,89749,49498,0.355469059,108595,47000,35000,64000,24243,48447,9910,"(1.52e+04,3.03e+04]","(-148,4.95e+04]","(2.19e+04,5.13e+04]","(1.31e+05,2.63e+05]","(1.41e+03,2.81e+03]","(5.8e+04,1.16e+05]","(-307,1.02e+05]","(0.323,0.646]","(6.67e+04,1.33e+05]","(1.84e+04,4.4e+04]","(5.63e+04,9.07e+04]","(-48.2,1.61e+04]"
5,CHEMICAL ENGINEERING,Engineering,32260,289,21239,11021,0.341630502,16697,65000,50000,75000,18314,4440,972,"(1.52e+04,3.03e+04]","(-148,4.95e+04]","(5.13e+04,8.07e+04]","(-270,1.31e+05]","(-2.21,1.41e+03]","(-54.7,5.8e+04]","(-307,1.02e+05]","(0.323,0.646]","(-88.8,6.67e+04]","(4.4e+04,6.95e+04]","(5.63e+04,9.07e+04]","(-48.2,1.61e+04]"
59,ARCHITECTURE,Engineering,46420,362,9658,4582,0.321769663,20026,40000,31000,50000,16178,13724,4221,"(1.52e+04,3.03e+04]","(-148,4.95e+04]","(2.19e+04,5.13e+04]","(-270,1.31e+05]","(-2.21,1.41e+03]","(-54.7,5.8e+04]","(-307,1.02e+05]","(-0.000969,0.323]","(-88.8,6.67e+04]","(1.84e+04,4.4e+04]","(2.19e+04,5.63e+04]","(-48.2,1.61e+04]"
95,CRIMINAL JUSTICE AND FIRE PROTECTION,Law & Public Policy,152824,1728,3156,451,0.125034655,88548,35000,26000,45000,24348,88858,18404,"(1.52e+04,3.03e+04]","(4.95e+04,9.89e+04]","(2.19e+04,5.13e+04]","(1.31e+05,2.63e+05]","(1.41e+03,2.81e+03]","(-54.7,5.8e+04]","(-307,1.02e+05]","(-0.000969,0.323]","(6.67e+04,1.33e+05]","(1.84e+04,4.4e+04]","(2.19e+04,5.63e+04]","(1.61e+04,3.21e+04]"
35,NURSING,Health,209394,2554,21773,187621,0.896018988,122817,48000,39000,58000,151643,26146,6193,"(1.36e+05,1.52e+05]","(-148,4.95e+04]","(2.19e+04,5.13e+04]","(1.31e+05,2.63e+05]","(1.41e+03,2.81e+03]","(-54.7,5.8e+04]","(1.02e+05,2.05e+05]","(0.646,0.97]","(6.67e+04,1.33e+05]","(1.84e+04,4.4e+04]","(5.63e+04,9.07e+04]","(-48.2,1.61e+04]"
124,BIOLOGY,Biology & Life Science,280709,1370,111762,168947,0.601858152,100336,33400,24000,45000,88232,81109,28339,"(7.58e+04,9.1e+04]","(4.95e+04,9.89e+04]","(2.19e+04,5.13e+04]","(2.63e+05,3.94e+05]","(-2.21,1.41e+03]","(5.8e+04,1.16e+05]","(1.02e+05,2.05e+05]","(0.323,0.646]","(6.67e+04,1.33e+05]","(1.84e+04,4.4e+04]","(2.19e+04,5.63e+04]","(1.61e+04,3.21e+04]"
114,GENERAL EDUCATION,Education,143718,919,26893,116825,0.812876606,73531,34000,26000,41000,82007,31112,11443,"(7.58e+04,9.1e+04]","(-148,4.95e+04]","(2.19e+04,5.13e+04]","(1.31e+05,2.63e+05]","(-2.21,1.41e+03]","(-54.7,5.8e+04]","(1.02e+05,2.05e+05]","(0.646,0.97]","(6.67e+04,1.33e+05]","(1.84e+04,4.4e+04]","(2.19e+04,5.63e+04]","(-48.2,1.61e+04]"
21,COMPUTER SCIENCE,Computers & Mathematics,128319,1196,1837,2524,0.578766338,70932,53000,39000,70000,68622,25667,5144,"(6.07e+04,7.58e+04]","(-148,4.95e+04]","(5.13e+04,8.07e+04]","(-270,1.31e+05]","(-2.21,1.41e+03]","(-54.7,5.8e+04]","(-307,1.02e+05]","(0.323,0.646]","(6.67e+04,1.33e+05]","(1.84e+04,4.4e+04]","(5.63e+04,9.07e+04]","(-48.2,1.61e+04]"
146,PSYCHOLOGY,Psychology & Social Work,393735,2584,86648,307087,0.779933204,174438,31500,24000,41000,125148,141860,48207,"(1.21e+05,1.36e+05]","(9.89e+04,1.49e+05]","(2.19e+04,5.13e+04]","(2.63e+05,3.94e+05]","(1.41e+03,2.81e+03]","(5.8e+04,1.16e+05]","(2.05e+05,3.07e+05]","(0.646,0.97]","(1.33e+05,2e+05]","(1.84e+04,4.4e+04]","(2.19e+04,5.63e+04]","(3.21e+04,4.83e+04]"
139,ELEMENTARY EDUCATION,Education,170862,1629,13029,157833,0.923745479,86540,32000,23400,38000,108085,36972,11502,"(1.06e+05,1.21e+05]","(-148,4.95e+04]","(2.19e+04,5.13e+04]","(1.31e+05,2.63e+05]","(1.41e+03,2.81e+03]","(-54.7,5.8e+04]","(1.02e+05,2.05e+05]","(0.646,0.97]","(6.67e+04,1.33e+05]","(1.84e+04,4.4e+04]","(2.19e+04,5.63e+04]","(-48.2,1.61e+04]"
94,COMMUNICATIONS,Communications & Journalism,213996,2394,476,209,0.305109489,116251,35000,27000,45000,40763,97964,27440,"(3.03e+04,4.55e+04]","(4.95e+04,9.89e+04]","(2.19e+04,5.13e+04]","(1.31e+05,2.63e+05]","(1.41e+03,2.81e+03]","(-54.7,5.8e+04]","(-307,1.02e+05]","(-0.000969,0.323]","(6.67e+04,1.33e+05]","(1.84e+04,4.4e+04]","(2.19e+04,5.63e+04]","(1.61e+04,3.21e+04]"
138,ENGLISH LANGUAGE AND LITERATURE,Humanities & Liberal Arts,194673,1436,4897,2519,0.339670982,81180,32000,23000,41000,57690,71827,26503,"(4.55e+04,6.07e+04]","(4.95e+04,9.89e+04]","(2.19e+04,5.13e+04]","(1.31e+05,2.63e+05]","(1.41e+03,2.81e+03]","(-54.7,5.8e+04]","(-307,1.02e+05]","(0.323,0.646]","(6.67e+04,1.33e+05]","(1.84e+04,4.4e+04]","(2.19e+04,5.63e+04]","(1.61e+04,3.21e+04]"
79,POLITICAL SCIENCE AND GOVERNMENT,Social Science,182621,1387,93880,88741,0.485929877,83236,38000,28000,50000,36854,66947,19803,"(3.03e+04,4.55e+04]","(4.95e+04,9.89e+04]","(2.19e+04,5.13e+04]","(1.31e+05,2.63e+05]","(-2.21,1.41e+03]","(5.8e+04,1.16e+05]","(-307,1.02e+05]","(0.323,0.646]","(6.67e+04,1.33e+05]","(1.84e+04,4.4e+04]","(2.19e+04,5.63e+04]","(1.61e+04,3.21e+04]"
9,MECHANICAL ENGINEERING,Engineering,91227,1029,12953,2105,0.139792801,54639,60000,48000,70000,52844,16384,3253,"(4.55e+04,6.07e+04]","(-148,4.95e+04]","(5.13e+04,8.07e+04]","(-270,1.31e+05]","(-2.21,1.41e+03]","(-54.7,5.8e+04]","(-307,1.02e+05]","(-0.000969,0.323]","(-88.8,6.67e+04]","(4.4e+04,6.95e+04]","(5.63e+04,9.07e+04]","(-48.2,1.61e+04]"
42,MATHEMATICS,Computers & Mathematics,72397,541,9005,2908,0.244103081,33738,45000,33000,60000,34800,14829,4569,"(3.03e+04,4.55e+04]","(-148,4.95e+04]","(2.19e+04,5.13e+04]","(-270,1.31e+05]","(-2.21,1.41e+03]","(-54.7,5.8e+04]","(-307,1.02e+05]","(-0.000969,0.323]","(-88.8,6.67e+04]","(1.84e+04,4.4e+04]","(5.63e+04,9.07e+04]","(-48.2,1.61e+04]"
35,NURSING,Health,209394,2554,21773,187621,0.896018988,122817,48000,39000,58000,151643,26146,6193,"(1.36e+05,1.52e+05]","(-148,4.95e+04]","(2.19e+04,5.13e+04]","(1.31e+05,2.63e+05]","(1.41e+03,2.81e+03]","(-54.7,5.8e+04]","(1.02e+05,2.05e+05]","(0.646,0.97]","(6.67e+04,1.33e+05]","(1.84e+04,4.4e+04]","(5.63e+04,9.07e+04]","(-48.2,1.61e+04]"
124,BIOLOGY,Biology & Life Science,280709,1370,111762,168947,0.601858152,100336,33400,24000,45000,88232,81109,28339,"(7.58e+04,9.1e+04]","(4.95e+04,9.89e+04]","(2.19e+04,5.13e+04]","(2.63e+05,3.94e+05]","(-2.21,1.41e+03]","(5.8e+04,1.16e+05]","(1.02e+05,2.05e+05]","(0.323,0.646]","(6.67e+04,1.33e+05]","(1.84e+04,4.4e+04]","(2.19e+04,5.63e+04]","(1.61e+04,3.21e+04]"
114,GENERAL EDUCATION,Education,143718,919,26893,116825,0.812876606,73531,34000,26000,41000,82007,31112,11443,"(7.58e+04,9.1e+04]","(-148,4.95e+04]","(2.19e+04,5.13e+04]","(1.31e+05,2.63e+05]","(-2.21,1.41e+03]","(-54.7,5.8e+04]","(1.02e+05,2.05e+05]","(0.646,0.97]","(6.67e+04,1.33e+05]","(1.84e+04,4.4e+04]","(2.19e+04,5.63e+04]","(-48.2,1.61e+04]"
21,COMPUTER SCIENCE,Computers & Mathematics,128319,1196,1837,2524,0.578766338,70932,53000,39000,70000,68622,25667,5144,"(6.07e+04,7.58e+04]","(-148,4.95e+04]","(5.13e+04,8.07e+04]","(-270,1.31e+05]","(-2.21,1.41e+03]","(-54.7,5.8e+04]","(-307,1.02e+05]","(0.323,0.646]","(6.67e+04,1.33e+05]","(1.84e+04,4.4e+04]","(5.63e+04,9.07e+04]","(-48.2,1.61e+04]"
146,PSYCHOLOGY,Psychology & Social Work,393735,2584,86648,307087,0.779933204,174438,31500,24000,41000,125148,141860,48207,"(1.21e+05,1.36e+05]","(9.89e+04,1.49e+05]","(2.19e+04,5.13e+04]","(2.63e+05,3.94e+05]","(1.41e+03,2.81e+03]","(5.8e+04,1.16e+05]","(2.05e+05,3.07e+05]","(0.646,0.97]","(1.33e+05,2e+05]","(1.84e+04,4.4e+04]","(2.19e+04,5.63e+04]","(3.21e+04,4.83e+04]"
139,ELEMENTARY EDUCATION,Education,170862,1629,13029,157833,0.923745479,86540,32000,23400,38000,108085,36972,11502,"(1.06e+05,1.21e+05]","(-148,4.95e+04]","(2.19e+04,5.13e+04]","(1.31e+05,2.63e+05]","(1.41e+03,2.81e+03]","(-54.7,5.8e+04]","(1.02e+05,2.05e+05]","(0.646,0.97]","(6.67e+04,1.33e+05]","(1.84e+04,4.4e+04]","(2.19e+04,5.63e+04]","(-48.2,1.61e+04]"
94,COMMUNICATIONS,Communications & Journalism,213996,2394,476,209,0.305109489,116251,35000,27000,45000,40763,97964,27440,"(3.03e+04,4.55e+04]","(4.95e+04,9.89e+04]","(2.19e+04,5.13e+04]","(1.31e+05,2.63e+05]","(1.41e+03,2.81e+03]","(-54.7,5.8e+04]","(-307,1.02e+05]","(-0.000969,0.323]","(6.67e+04,1.33e+05]","(1.84e+04,4.4e+04]","(2.19e+04,5.63e+04]","(1.61e+04,3.21e+04]"
138,ENGLISH LANGUAGE AND LITERATURE,Humanities & Liberal Arts,194673,1436,4897,2519,0.339670982,81180,32000,23000,41000,57690,71827,26503,"(4.55e+04,6.07e+04]","(4.95e+04,9.89e+04]","(2.19e+04,5.13e+04]","(1.31e+05,2.63e+05]","(1.41e+03,2.81e+03]","(-54.7,5.8e+04]","(-307,1.02e+05]","(0.323,0.646]","(6.67e+04,1.33e+05]","(1.84e+04,4.4e+04]","(2.19e+04,5.63e+04]","(1.61e+04,3.21e+04]"
79,POLITICAL SCIENCE AND GOVERNMENT,Social Science,182621,1387,93880,88741,0.485929877,83236,38000,28000,50000,36854,66947,19803,"(3.03e+04,4.55e+04]","(4.95e+04,9.89e+04]","(2.19e+04,5.13e+04]","(1.31e+05,2.63e+05]","(-2.21,1.41e+03]","(5.8e+04,1.16e+05]","(-307,1.02e+05]","(0.323,0.646]","(6.67e+04,1.33e+05]","(1.84e+04,4.4e+04]","(2.19e+04,5.63e+04]","(1.61e+04,3.21e+04]"
9,MECHANICAL ENGINEERING,Engineering,91227,1029,12953,2105,0.139792801,54639,60000,48000,70000,52844,16384,3253,"(4.55e+04,6.07e+04]","(-148,4.95e+04]","(5.13e+04,8.07e+04]","(-270,1.31e+05]","(-2.21,1.41e+03]","(-54.7,5.8e+04]","(-307,1.02e+05]","(-0.000969,0.323]","(-88.8,6.67e+04]","(4.4e+04,6.95e+04]","(5.63e+04,9.07e+04]","(-48.2,1.61e+04]"
42,MATHEMATICS,Computers & Mathematics,72397,541,9005,2908,0.244103081,33738,45000,33000,60000,34800,14829,4569,"(3.03e+04,4.55e+04]","(-148,4.95e+04]","(2.19e+04,5.13e+04]","(-270,1.31e+05]","(-2.21,1.41e+03]","(-54.7,5.8e+04]","(-307,1.02e+05]","(-0.000969,0.323]","(-88.8,6.67e+04]","(1.84e+04,4.4e+04]","(5.63e+04,9.07e+04]","(-48.2,1.61e+04]"
35,NURSING,Health,209394,2554,21773,187621,0.896018988,122817,48000,39000,58000,151643,26146,6193,"(1.36e+05,1.52e+05]","(-148,4.95e+04]","(2.19e+04,5.13e+04]","(1.31e+05,2.63e+05]","(1.41e+03,2.81e+03]","(-54.7,5.8e+04]","(1.02e+05,2.05e+05]","(0.646,0.97]","(6.67e+04,1.33e+05]","(1.84e+04,4.4e+04]","(5.63e+04,9.07e+04]","(-48.2,1.61e+04]"
124,BIOLOGY,Biology & Life Science,280709,1370,111762,168947,0.601858152,100336,33400,24000,45000,88232,81109,28339,"(7.58e+04,9.1e+04]","(4.95e+04,9.89e+04]","(2.19e+04,5.13e+04]","(2.63e+05,3.94e+05]","(-2.21,1.41e+03]","(5.8e+04,1.16e+05]","(1.02e+05,2.05e+05]","(0.323,0.646]","(6.67e+04,1.33e+05]","(1.84e+04,4.4e+04]","(2.19e+04,5.63e+04]","(1.61e+04,3.21e+04]"
114,GENERAL EDUCATION,Education,143718,919,26893,116825,0.812876606,73531,34000,26000,41000,82007,31112,11443,"(7.58e+04,9.1e+04]","(-148,4.95e+04]","(2.19e+04,5.13e+04]","(1.31e+05,2.63e+05]","(-2.21,1.41e+03]","(-54.7,5.8e+04]","(1.02e+05,2.05e+05]","(0.646,0.97]","(6.67e+04,1.33e+05]","(1.84e+04,4.4e+04]","(2.19e+04,5.63e+04]","(-48.2,1.61e+04]"
21,COMPUTER SCIENCE,Computers & Mathematics,128319,1196,1837,2524,0.578766338,70932,53000,39000,70000,68622,25667,5144,"(6.07e+04,7.58e+04]","(-148,4.95e+04]","(5.13e+04,8.07e+04]","(-270,1.31e+05]","(-2.21,1.41e+03]","(-54.7,5.8e+04]","(-307,1.02e+05]","(0.323,0.646]","(6.67e+04,1.33e+05]","(1.84e+04,4.4e+04]","(5.63e+04,9.07e+04]","(-48.2,1.61e+04]"
146,PSYCHOLOGY,Psychology & Social Work,393735,2584,86648,307087,0.779933204,174438,31500,24000,41000,125148,141860,48207,"(1.21e+05,1.36e+05]","(9.89e+04,1.49e+05]","(2.19e+04,5.13e+04]","(2.63e+05,3.94e+05]","(1.41e+03,2.81e+03]","(5.8e+04,1.16e+05]","(2.05e+05,3.07e+05]","(0.646,0.97]","(1.33e+05,2e+05]","(1.84e+04,4.4e+04]","(2.19e+04,5.63e+04]","(3.21e+04,4.83e+04]"
139,ELEMENTARY EDUCATION,Education,170862,1629,13029,157833,0.923745479,86540,32000,23400,38000,108085,36972,11502,"(1.06e+05,1.21e+05]","(-148,4.95e+04]","(2.19e+04,5.13e+04]","(1.31e+05,2.63e+05]","(1.41e+03,2.81e+03]","(-54.7,5.8e+04]","(1.02e+05,2.05e+05]","(0.646,0.97]","(6.67e+04,1.33e+05]","(1.84e+04,4.4e+04]","(2.19e+04,5.63e+04]","(-48.2,1.61e+04]"
94,COMMUNICATIONS,Communications & Journalism,213996,2394,476,209,0.305109489,116251,35000,27000,45000,40763,97964,27440,"(3.03e+04,4.55e+04]","(4.95e+04,9.89e+04]","(2.19e+04,5.13e+04]","(1.31e+05,2.63e+05]","(1.41e+03,2.81e+03]","(-54.7,5.8e+04]","(-307,1.02e+05]","(-0.000969,0.323]","(6.67e+04,1.33e+05]","(1.84e+04,4.4e+04]","(2.19e+04,5.63e+04]","(1.61e+04,3.21e+04]"
138,ENGLISH LANGUAGE AND LITERATURE,Humanities & Liberal Arts,194673,1436,4897,2519,0.339670982,81180,32000,23000,41000,57690,71827,26503,"(4.55e+04,6.07e+04]","(4.95e+04,9.89e+04]","(2.19e+04,5.13e+04]","(1.31e+05,2.63e+05]","(1.41e+03,2.81e+03]","(-54.7,5.8e+04]","(-307,1.02e+05]","(0.323,0.646]","(6.67e+04,1.33e+05]","(1.84e+04,4.4e+04]","(2.19e+04,5.63e+04]","(1.61e+04,3.21e+04]"
79,POLITICAL SCIENCE AND GOVERNMENT,Social Science,182621,1387,93880,88741,0.485929877,83236,38000,28000,50000,36854,66947,19803,"(3.03e+04,4.55e+04]","(4.95e+04,9.89e+04]","(2.19e+04,5.13e+04]","(1.31e+05,2.63e+05]","(-2.21,1.41e+03]","(5.8e+04,1.16e+05]","(-307,1.02e+05]","(0.323,0.646]","(6.67e+04,1.33e+05]","(1.84e+04,4.4e+04]","(2.19e+04,5.63e+04]","(1.61e+04,3.21e+04]"
9,MECHANICAL ENGINEERING,Engineering,91227,1029,12953,2105,0.139792801,54639,60000,48000,70000,52844,16384,3253,"(4.55e+04,6.07e+04]","(-148,4.95e+04]","(5.13e+04,8.07e+04]","(-270,1.31e+05]","(-2.21,1.41e+03]","(-54.7,5.8e+04]","(-307,1.02e+05]","(-0.000969,0.323]","(-88.8,6.67e+04]","(4.4e+04,6.95e+04]","(5.63e+04,9.07e+04]","(-48.2,1.61e+04]"
42,MATHEMATICS,Computers & Mathematics,72397,541,9005,2908,0.244103081,33738,45000,33000,60000,34800,14829,4569,"(3.03e+04,4.55e+04]","(-148,4.95e+04]","(2.19e+04,5.13e+04]","(-270,1.31e+05]","(-2.21,1.41e+03]","(-54.7,5.8e+04]","(-307,1.02e+05]","(-0.000969,0.323]","(-88.8,6.67e+04]","(1.84e+04,4.4e+04]","(5.63e+04,9.07e+04]","(-48.2,1.61e+04]"
35,NURSING,Health,209394,2554,21773,187621,0.896018988,122817,48000,39000,58000,151643,26146,6193,"(1.36e+05,1.52e+05]","(-148,4.95e+04]","(2.19e+04,5.13e+04]","(1.31e+05,2.63e+05]","(1.41e+03,2.81e+03]","(-54.7,5.8e+04]","(1.02e+05,2.05e+05]","(0.646,0.97]","(6.67e+04,1.33e+05]","(1.84e+04,4.4e+04]","(5.63e+04,9.07e+04]","(-48.2,1.61e+04]"
124,BIOLOGY,Biology & Life Science,280709,1370,111762,168947,0.601858152,100336,33400,24000,45000,88232,81109,28339,"(7.58e+04,9.1e+04]","(4.95e+04,9.89e+04]","(2.19e+04,5.13e+04]","(2.63e+05,3.94e+05]","(-2.21,1.41e+03]","(5.8e+04,1.16e+05]","(1.02e+05,2.05e+05]","(0.323,0.646]","(6.67e+04,1.33e+05]","(1.84e+04,4.4e+04]","(2.19e+04,5.63e+04]","(1.61e+04,3.21e+04]"
114,GENERAL EDUCATION,Education,143718,919,26893,116825,0.812876606,73531,34000,26000,41000,82007,31112,11443,"(7.58e+04,9.1e+04]","(-148,4.95e+04]","(2.19e+04,5.13e+04]","(1.31e+05,2.63e+05]","(-2.21,1.41e+03]","(-54.7,5.8e+04]","(1.02e+05,2.05e+05]","(0.646,0.97]","(6.67e+04,1.33e+05]","(1.84e+04,4.4e+04]","(2.19e+04,5.63e+04]","(-48.2,1.61e+04]"
21,COMPUTER SCIENCE,Computers & Mathematics,128319,1196,1837,2524,0.578766338,70932,53000,39000,70000,68622,25667,5144,"(6.07e+04,7.58e+04]","(-148,4.95e+04]","(5.13e+04,8.07e+04]","(-270,1.31e+05]","(-2.21,1.41e+03]","(-54.7,5.8e+04]","(-307,1.02e+05]","(0.323,0.646]","(6.67e+04,1.33e+05]","(1.84e+04,4.4e+04]","(5.63e+04,9.07e+04]","(-48.2,1.61e+04]"
146,PSYCHOLOGY,Psychology & Social Work,393735,2584,86648,307087,0.779933204,174438,31500,24000,41000,125148,141860,48207,"(1.21e+05,1.36e+05]","(9.89e+04,1.49e+05]","(2.19e+04,5.13e+04]","(2.63e+05,3.94e+05]","(1.41e+03,2.81e+03]","(5.8e+04,1.16e+05]","(2.05e+05,3.07e+05]","(0.646,0.97]","(1.33e+05,2e+05]","(1.84e+04,4.4e+04]","(2.19e+04,5.63e+04]","(3.21e+04,4.83e+04]"
139,ELEMENTARY EDUCATION,Education,170862,1629,13029,157833,0.923745479,86540,32000,23400,38000,108085,36972,11502,"(1.06e+05,1.21e+05]","(-148,4.95e+04]","(2.19e+04,5.13e+04]","(1.31e+05,2.63e+05]","(1.41e+03,2.81e+03]","(-54.7,5.8e+04]","(1.02e+05,2.05e+05]","(0.646,0.97]","(6.67e+04,1.33e+05]","(1.84e+04,4.4e+04]","(2.19e+04,5.63e+04]","(-48.2,1.61e+04]"
94,COMMUNICATIONS,Communications & Journalism,213996,2394,476,209,0.305109489,116251,35000,27000,45000,40763,97964,27440,"(3.03e+04,4.55e+04]","(4.95e+04,9.89e+04]","(2.19e+04,5.13e+04]","(1.31e+05,2.63e+05]","(1.41e+03,2.81e+03]","(-54.7,5.8e+04]","(-307,1.02e+05]","(-0.000969,0.323]","(6.67e+04,1.33e+05]","(1.84e+04,4.4e+04]","(2.19e+04,5.63e+04]","(1.61e+04,3.21e+04]"
138,ENGLISH LANGUAGE AND LITERATURE,Humanities & Liberal Arts,194673,1436,4897,2519,0.339670982,81180,32000,23000,41000,57690,71827,26503,"(4.55e+04,6.07e+04]","(4.95e+04,9.89e+04]","(2.19e+04,5.13e+04]","(1.31e+05,2.63e+05]","(1.41e+03,2.81e+03]","(-54.7,5.8e+04]","(-307,1.02e+05]","(0.323,0.646]","(6.67e+04,1.33e+05]","(1.84e+04,4.4e+04]","(2.19e+04,5.63e+04]","(1.61e+04,3.21e+04]"
79,POLITICAL SCIENCE AND GOVERNMENT,Social Science,182621,1387,93880,88741,0.485929877,83236,38000,28000,50000,36854,66947,19803,"(3.03e+04,4.55e+04]","(4.95e+04,9.89e+04]","(2.19e+04,5.13e+04]","(1.31e+05,2.63e+05]","(-2.21,1.41e+03]","(5.8e+04,1.16e+05]","(-307,1.02e+05]","(0.323,0.646]","(6.67e+04,1.33e+05]","(1.84e+04,4.4e+04]","(2.19e+04,5.63e+04]","(1.61e+04,3.21e+04]"
9,MECHANICAL ENGINEERING,Engineering,91227,1029,12953,2105,0.139792801,54639,60000,48000,70000,52844,16384,3253,"(4.55e+04,6.07e+04]","(-148,4.95e+04]","(5.13e+04,8.07e+04]","(-270,1.31e+05]","(-2.21,1.41e+03]","(-54.7,5.8e+04]","(-307,1.02e+05]","(-0.000969,0.323]","(-88.8,6.67e+04]","(4.4e+04,6.95e+04]","(5.63e+04,9.07e+04]","(-48.2,1.61e+04]"
42,MATHEMATICS,Computers & Mathematics,72397,541,9005,2908,0.244103081,33738,45000,33000,60000,34800,14829,4569,"(3.03e+04,4.55e+04]","(-148,4.95e+04]","(2.19e+04,5.13e+04]","(-270,1.31e+05]","(-2.21,1.41e+03]","(-54.7,5.8e+04]","(-307,1.02e+05]","(-0.000969,0.323]","(-88.8,6.67e+04]","(1.84e+04,4.4e+04]","(5.63e+04,9.07e+04]","(-48.2,1.61e+04]"
35,NURSING,Health,209394,2554,21773,187621,0.896018988,122817,48000,39000,58000,151643,26146,6193,"(1.36e+05,1.52e+05]","(-148,4.95e+04]","(2.19e+04,5.13e+04]","(1.31e+05,2.63e+05]","(1.41e+03,2.81e+03]","(-54.7,5.8e+04]","(1.02e+05,2.05e+05]","(0.646,0.97]","(6.67e+04,1.33e+05]","(1.84e+04,4.4e+04]","(5.63e+04,9.07e+04]","(-48.2,1.61e+04]"
124,BIOLOGY,Biology & Life Science,280709,1370,111762,168947,0.601858152,100336,33400,24000,45000,88232,81109,28339,"(7.58e+04,9.1e+04]","(4.95e+04,9.89e+04]","(2.19e+04,5.13e+04]","(2.63e+05,3.94e+05]","(-2.21,1.41e+03]","(5.8e+04,1.16e+05]","(1.02e+05,2.05e+05]","(0.323,0.646]","(6.67e+04,1.33e+05]","(1.84e+04,4.4e+04]","(2.19e+04,5.63e+04]","(1.61e+04,3.21e+04]"
114,GENERAL EDUCATION,Education,143718,919,26893,116825,0.812876606,73531,34000,26000,41000,82007,31112,11443,"(7.58e+04,9.1e+04]","(-148,4.95e+04]","(2.19e+04,5.13e+04]","(1.31e+05,2.63e+05]","(-2.21,1.41e+03]","(-54.7,5.8e+04]","(1.02e+05,2.05e+05]","(0.646,0.97]","(6.67e+04,1.33e+05]","(1.84e+04,4.4e+04]","(2.19e+04,5.63e+04]","(-48.2,1.61e+04]"
21,COMPUTER SCIENCE,Computers & Mathematics,128319,1196,1837,2524,0.578766338,70932,53000,39000,70000,68622,25667,5144,"(6.07e+04,7.58e+04]","(-148,4.95e+04]","(5.13e+04,8.07e+04]","(-270,1.31e+05]","(-2.21,1.41e+03]","(-54.7,5.8e+04]","(-307,1.02e+05]","(0.323,0.646]","(6.67e+04,1.33e+05]","(1.84e+04,4.4e+04]","(5.63e+04,9.07e+04]","(-48.2,1.61e+04]"
146,PSYCHOLOGY,Psychology & Social Work,393735,2584,86648,307087,0.779933204,174438,31500,24000,41000,125148,141860,48207,"(1.21e+05,1.36e+05]","(9.89e+04,1.49e+05]","(2.19e+04,5.13e+04]","(2.63e+05,3.94e+05]","(1.41e+03,2.81e+03]","(5.8e+04,1.16e+05]","(2.05e+05,3.07e+05]","(0.646,0.97]","(1.33e+05,2e+05]","(1.84e+04,4.4e+04]","(2.19e+04,5.63e+04]","(3.21e+04,4.83e+04]"
139,ELEMENTARY EDUCATION,Education,170862,1629,13029,157833,0.923745479,86540,32000,23400,38000,108085,36972,11502,"(1.06e+05,1.21e+05]","(-148,4.95e+04]","(2.19e+04,5.13e+04]","(1.31e+05,2.63e+05]","(1.41e+03,2.81e+03]","(-54.7,5.8e+04]","(1.02e+05,2.05e+05]","(0.646,0.97]","(6.67e+04,1.33e+05]","(1.84e+04,4.4e+04]","(2.19e+04,5.63e+04]","(-48.2,1.61e+04]"
94,COMMUNICATIONS,Communications & Journalism,213996,2394,476,209,0.305109489,116251,35000,27000,45000,40763,97964,27440,"(3.03e+04,4.55e+04]","(4.95e+04,9.89e+04]","(2.19e+04,5.13e+04]","(1.31e+05,2.63e+05]","(1.41e+03,2.81e+03]","(-54.7,5.8e+04]","(-307,1.02e+05]","(-0.000969,0.323]","(6.67e+04,1.33e+05]","(1.84e+04,4.4e+04]","(2.19e+04,5.63e+04]","(1.61e+04,3.21e+04]"
138,ENGLISH LANGUAGE AND LITERATURE,Humanities & Liberal Arts,194673,1436,4897,2519,0.339670982,81180,32000,23000,41000,57690,71827,26503,"(4.55e+04,6.07e+04]","(4.95e+04,9.89e+04]","(2.19e+04,5.13e+04]","(1.31e+05,2.63e+05]","(1.41e+03,2.81e+03]","(-54.7,5.8e+04]","(-307,1.02e+05]","(0.323,0.646]","(6.67e+04,1.33e+05]","(1.84e+04,4.4e+04]","(2.19e+04,5.63e+04]","(1.61e+04,3.21e+04]"
79,POLITICAL SCIENCE AND GOVERNMENT,Social Science,182621,1387,93880,88741,0.485929877,83236,38000,28000,50000,36854,66947,19803,"(3.03e+04,4.55e+04]","(4.95e+04,9.89e+04]","(2.19e+04,5.13e+04]","(1.31e+05,2.63e+05]","(-2.21,1.41e+03]","(5.8e+04,1.16e+05]","(-307,1.02e+05]","(0.323,0.646]","(6.67e+04,1.33e+05]","(1.84e+04,4.4e+04]","(2.19e+04,5.63e+04]","(1.61e+04,3.21e+04]"
9,MECHANICAL ENGINEERING,Engineering,91227,1029,12953,2105,0.139792801,54639,60000,48000,70000,52844,16384,3253,"(4.55e+04,6.07e+04]","(-148,4.95e+04]","(5.13e+04,8.07e+04]","(-270,1.31e+05]","(-2.21,1.41e+03]","(-54.7,5.8e+04]","(-307,1.02e+05]","(-0.000969,0.323]","(-88.8,6.67e+04]","(4.4e+04,6.95e+04]","(5.63e+04,9.07e+04]","(-48.2,1.61e+04]"
42,MATHEMATICS,Computers & Mathematics,72397,541,9005,2908,0.244103081,33738,45000,33000,60000,34800,14829,4569,"(3.03e+04,4.55e+04]","(-148,4.95e+04]","(2.19e+04,5.13e+04]","(-270,1.31e+05]","(-2.21,1.41e+03]","(-54.7,5.8e+04]","(-307,1.02e+05]","(-0.000969,0.323]","(-88.8,6.67e+04]","(1.84e+04,4.4e+04]","(5.63e+04,9.07e+04]","(-48.2,1.61e+04]"
35,NURSING,Health,209394,2554,21773,187621,0.896018988,122817,48000,39000,58000,151643,26146,6193,"(1.36e+05,1.52e+05]","(-148,4.95e+04]","(2.19e+04,5.13e+04]","(1.31e+05,2.63e+05]","(1.41e+03,2.81e+03]","(-54.7,5.8e+04]","(1.02e+05,2.05e+05]","(0.646,0.97]","(6.67e+04,1.33e+05]","(1.84e+04,4.4e+04]","(5.63e+04,9.07e+04]","(-48.2,1.61e+04]"
124,BIOLOGY,Biology & Life Science,280709,1370,111762,168947,0.601858152,100336,33400,24000,45000,88232,81109,28339,"(7.58e+04,9.1e+04]","(4.95e+04,9.89e+04]","(2.19e+04,5.13e+04]","(2.63e+05,3.94e+05]","(-2.21,1.41e+03]","(5.8e+04,1.16e+05]","(1.02e+05,2.05e+05]","(0.323,0.646]","(6.67e+04,1.33e+05]","(1.84e+04,4.4e+04]","(2.19e+04,5.63e+04]","(1.61e+04,3.21e+04]"
114,GENERAL EDUCATION,Education,143718,919,26893,116825,0.812876606,73531,34000,26000,41000,82007,31112,11443,"(7.58e+04,9.1e+04]","(-148,4.95e+04]","(2.19e+04,5.13e+04]","(1.31e+05,2.63e+05]","(-2.21,1.41e+03]","(-54.7,5.8e+04]","(1.02e+05,2.05e+05]","(0.646,0.97]","(6.67e+04,1.33e+05]","(1.84e+04,4.4e+04]","(2.19e+04,5.63e+04]","(-48.2,1.61e+04]"
21,COMPUTER SCIENCE,Computers & Mathematics,128319,1196,1837,2524,0.578766338,70932,53000,39000,70000,68622,25667,5144,"(6.07e+04,7.58e+04]","(-148,4.95e+04]","(5.13e+04,8.07e+04]","(-270,1.31e+05]","(-2.21,1.41e+03]","(-54.7,5.8e+04]","(-307,1.02e+05]","(0.323,0.646]","(6.67e+04,1.33e+05]","(1.84e+04,4.4e+04]","(5.63e+04,9.07e+04]","(-48.2,1.61e+04]"
146,PSYCHOLOGY,Psychology & Social Work,393735,2584,86648,307087,0.779933204,174438,31500,24000,41000,125148,141860,48207,"(1.21e+05,1.36e+05]","(9.89e+04,1.49e+05]","(2.19e+04,5.13e+04]","(2.63e+05,3.94e+05]","(1.41e+03,2.81e+03]","(5.8e+04,1.16e+05]","(2.05e+05,3.07e+05]","(0.646,0.97]","(1.33e+05,2e+05]","(1.84e+04,4.4e+04]","(2.19e+04,5.63e+04]","(3.21e+04,4.83e+04]"
139,ELEMENTARY EDUCATION,Education,170862,1629,13029,157833,0.923745479,86540,32000,23400,38000,108085,36972,11502,"(1.06e+05,1.21e+05]","(-148,4.95e+04]","(2.19e+04,5.13e+04]","(1.31e+05,2.63e+05]","(1.41e+03,2.81e+03]","(-54.7,5.8e+04]","(1.02e+05,2.05e+05]","(0.646,0.97]","(6.67e+04,1.33e+05]","(1.84e+04,4.4e+04]","(2.19e+04,5.63e+04]","(-48.2,1.61e+04]"
94,COMMUNICATIONS,Communications & Journalism,213996,2394,476,209,0.305109489,116251,35000,27000,45000,40763,97964,27440,"(3.03e+04,4.55e+04]","(4.95e+04,9.89e+04]","(2.19e+04,5.13e+04]","(1.31e+05,2.63e+05]","(1.41e+03,2.81e+03]","(-54.7,5.8e+04]","(-307,1.02e+05]","(-0.000969,0.323]","(6.67e+04,1.33e+05]","(1.84e+04,4.4e+04]","(2.19e+04,5.63e+04]","(1.61e+04,3.21e+04]"
138,ENGLISH LANGUAGE AND LITERATURE,Humanities & Liberal Arts,194673,1436,4897,2519,0.339670982,81180,32000,23000,41000,57690,71827,26503,"(4.55e+04,6.07e+04]","(4.95e+04,9.89e+04]","(2.19e+04,5.13e+04]","(1.31e+05,2.63e+05]","(1.41e+03,2.81e+03]","(-54.7,5.8e+04]","(-307,1.02e+05]","(0.323,0.646]","(6.67e+04,1.33e+05]","(1.84e+04,4.4e+04]","(2.19e+04,5.63e+04]","(1.61e+04,3.21e+04]"
79,POLITICAL SCIENCE AND GOVERNMENT,Social Science,182621,1387,93880,88741,0.485929877,83236,38000,28000,50000,36854,66947,19803,"(3.03e+04,4.55e+04]","(4.95e+04,9.89e+04]","(2.19e+04,5.13e+04]","(1.31e+05,2.63e+05]","(-2.21,1.41e+03]","(5.8e+04,1.16e+05]","(-307,1.02e+05]","(0.323,0.646]","(6.67e+04,1.33e+05]","(1.84e+04,4.4e+04]","(2.19e+04,5.63e+04]","(1.61e+04,3.21e+04]"
9,MECHANICAL ENGINEERING,Engineering,91227,1029,12953,2105,0.139792801,54639,60000,48000,70000,52844,16384,3253,"(4.55e+04,6.07e+04]","(-148,4.95e+04]","(5.13e+04,8.07e+04]","(-270,1.31e+05]","(-2.21,1.41e+03]","(-54.7,5.8e+04]","(-307,1.02e+05]","(-0.000969,0.323]","(-88.8,6.67e+04]","(4.4e+04,6.95e+04]","(5.63e+04,9.07e+04]","(-48.2,1.61e+04]"
42,MATHEMATICS,Computers & Mathematics,72397,541,9005,2908,0.244103081,33738,45000,33000,60000,34800,14829,4569,"(3.03e+04,4.55e+04]","(-148,4.95e+04]","(2.19e+04,5.13e+04]","(-270,1.31e+05]","(-2.21,1.41e+03]","(-54.7,5.8e+04]","(-307,1.02e+05]","(-0.000969,0.323]","(-88.8,6.67e+04]","(1.84e+04,4.4e+04]","(5.63e+04,9.07e+04]","(-48.2,1.61e+04]"
35,NURSING,Health,209394,2554,21773,187621,0.896018988,122817,48000,39000,58000,151643,26146,6193,"(1.36e+05,1.52e+05]","(-148,4.95e+04]","(2.19e+04,5.13e+04]","(1.31e+05,2.63e+05]","(1.41e+03,2.81e+03]","(-54.7,5.8e+04]","(1.02e+05,2.05e+05]","(0.646,0.97]","(6.67e+04,1.33e+05]","(1.84e+04,4.4e+04]","(5.63e+04,9.07e+04]","(-48.2,1.61e+04]"
124,BIOLOGY,Biology & Life Science,280709,1370,111762,168947,0.601858152,100336,33400,24000,45000,88232,81109,28339,"(7.58e+04,9.1e+04]","(4.95e+04,9.89e+04]","(2.19e+04,5.13e+04]","(2.63e+05,3.94e+05]","(-2.21,1.41e+03]","(5.8e+04,1.16e+05]","(1.02e+05,2.05e+05]","(0.323,0.646]","(6.67e+04,1.33e+05]","(1.84e+04,4.4e+04]","(2.19e+04,5.63e+04]","(1.61e+04,3.21e+04]"
114,GENERAL EDUCATION,Education,143718,919,26893,116825,0.812876606,73531,34000,26000,41000,82007,31112,11443,"(7.58e+04,9.1e+04]","(-148,4.95e+04]","(2.19e+04,5.13e+04]","(1.31e+05,2.63e+05]","(-2.21,1.41e+03]","(-54.7,5.8e+04]","(1.02e+05,2.05e+05]","(0.646,0.97]","(6.67e+04,1.33e+05]","(1.84e+04,4.4e+04]","(2.19e+04,5.63e+04]","(-48.2,1.61e+04]"
21,COMPUTER SCIENCE,Computers & Mathematics,128319,1196,1837,2524,0.578766338,70932,53000,39000,70000,68622,25667,5144,"(6.07e+04,7.58e+04]","(-148,4.95e+04]","(5.13e+04,8.07e+04]","(-270,1.31e+05]","(-2.21,1.41e+03]","(-54.7,5.8e+04]","(-307,1.02e+05]","(0.323,0.646]","(6.67e+04,1.33e+05]","(1.84e+04,4.4e+04]","(5.63e+04,9.07e+04]","(-48.2,1.61e+04]"
146,PSYCHOLOGY,Psychology & Social Work,393735,2584,86648,307087,0.779933204,174438,31500,24000,41000,125148,141860,48207,"(1.21e+05,1.36e+05]","(9.89e+04,1.49e+05]","(2.19e+04,5.13e+04]","(2.63e+05,3.94e+05]","(1.41e+03,2.81e+03]","(5.8e+04,1.16e+05]","(2.05e+05,3.07e+05]","(0.646,0.97]","(1.33e+05,2e+05]","(1.84e+04,4.4e+04]","(2.19e+04,5.63e+04]","(3.21e+04,4.83e+04]"
139,ELEMENTARY EDUCATION,Education,170862,1629,13029,157833,0.923745479,86540,32000,23400,38000,108085,36972,11502,"(1.06e+05,1.21e+05]","(-148,4.95e+04]","(2.19e+04,5.13e+04]","(1.31e+05,2.63e+05]","(1.41e+03,2.81e+03]","(-54.7,5.8e+04]","(1.02e+05,2.05e+05]","(0.646,0.97]","(6.67e+04,1.33e+05]","(1.84e+04,4.4e+04]","(2.19e+04,5.63e+04]","(-48.2,1.61e+04]"
94,COMMUNICATIONS,Communications & Journalism,213996,2394,476,209,0.305109489,116251,35000,27000,45000,40763,97964,27440,"(3.03e+04,4.55e+04]","(4.95e+04,9.89e+04]","(2.19e+04,5.13e+04]","(1.31e+05,2.63e+05]","(1.41e+03,2.81e+03]","(-54.7,5.8e+04]","(-307,1.02e+05]","(-0.000969,0.323]","(6.67e+04,1.33e+05]","(1.84e+04,4.4e+04]","(2.19e+04,5.63e+04]","(1.61e+04,3.21e+04]"
138,ENGLISH LANGUAGE AND LITERATURE,Humanities & Liberal Arts,194673,1436,4897,2519,0.339670982,81180,32000,23000,41000,57690,71827,26503,"(4.55e+04,6.07e+04]","(4.95e+04,9.89e+04]","(2.19e+04,5.13e+04]","(1.31e+05,2.63e+05]","(1.41e+03,2.81e+03]","(-54.7,5.8e+04]","(-307,1.02e+05]","(0.323,0.646]","(6.67e+04,1.33e+05]","(1.84e+04,4.4e+04]","(2.19e+04,5.63e+04]","(1.61e+04,3.21e+04]"
79,POLITICAL SCIENCE AND GOVERNMENT,Social Science,182621,1387,93880,88741,0.485929877,83236,38000,28000,50000,36854,66947,19803,"(3.03e+04,4.55e+04]","(4.95e+04,9.89e+04]","(2.19e+04,5.13e+04]","(1.31e+05,2.63e+05]","(-2.21,1.41e+03]","(5.8e+04,1.16e+05]","(-307,1.02e+05]","(0.323,0.646]","(6.67e+04,1.33e+05]","(1.84e+04,4.4e+04]","(2.19e+04,5.63e+04]","(1.61e+04,3.21e+04]"
9,MECHANICAL ENGINEERING,Engineering,91227,1029,12953,2105,0.139792801,54639,60000,48000,70000,52844,16384,3253,"(4.55e+04,6.07e+04]","(-148,4.95e+04]","(5.13e+04,8.07e+04]","(-270,1.31e+05]","(-2.21,1.41e+03]","(-54.7,5.8e+04]","(-307,1.02e+05]","(-0.000969,0.323]","(-88.8,6.67e+04]","(4.4e+04,6.95e+04]","(5.63e+04,9.07e+04]","(-48.2,1.61e+04]"
42,MATHEMATICS,Computers & Mathematics,72397,541,9005,2908,0.244103081,33738,45000,33000,60000,34800,14829,4569,"(3.03e+04,4.55e+04]","(-148,4.95e+04]","(2.19e+04,5.13e+04]","(-270,1.31e+05]","(-2.21,1.41e+03]","(-54.7,5.8e+04]","(-307,1.02e+05]","(-0.000969,0.323]","(-88.8,6.67e+04]","(1.84e+04,4.4e+04]","(5.63e+04,9.07e+04]","(-48.2,1.61e+04]"
35,NURSING,Health,209394,2554,21773,187621,0.896018988,122817,48000,39000,58000,151643,26146,6193,"(1.36e+05,1.52e+05]","(-148,4.95e+04]","(2.19e+04,5.13e+04]","(1.31e+05,2.63e+05]","(1.41e+03,2.81e+03]","(-54.7,5.8e+04]","(1.02e+05,2.05e+05]","(0.646,0.97]","(6.67e+04,1.33e+05]","(1.84e+04,4.4e+04]","(5.63e+04,9.07e+04]","(-48.2,1.61e+04]"
124,BIOLOGY,Biology & Life Science,280709,1370,111762,168947,0.601858152,100336,33400,24000,45000,88232,81109,28339,"(7.58e+04,9.1e+04]","(4.95e+04,9.89e+04]","(2.19e+04,5.13e+04]","(2.63e+05,3.94e+05]","(-2.21,1.41e+03]","(5.8e+04,1.16e+05]","(1.02e+05,2.05e+05]","(0.323,0.646]","(6.67e+04,1.33e+05]","(1.84e+04,4.4e+04]","(2.19e+04,5.63e+04]","(1.61e+04,3.21e+04]"
114,GENERAL EDUCATION,Education,143718,919,26893,116825,0.812876606,73531,34000,26000,41000,82007,31112,11443,"(7.58e+04,9.1e+04]","(-148,4.95e+04]","(2.19e+04,5.13e+04]","(1.31e+05,2.63e+05]","(-2.21,1.41e+03]","(-54.7,5.8e+04]","(1.02e+05,2.05e+05]","(0.646,0.97]","(6.67e+04,1.33e+05]","(1.84e+04,4.4e+04]","(2.19e+04,5.63e+04]","(-48.2,1.61e+04]"
21,COMPUTER SCIENCE,Computers & Mathematics,128319,1196,1837,2524,0.578766338,70932,53000,39000,70000,68622,25667,5144,"(6.07e+04,7.58e+04]","(-148,4.95e+04]","(5.13e+04,8.07e+04]","(-270,1.31e+05]","(-2.21,1.41e+03]","(-54.7,5.8e+04]","(-307,1.02e+05]","(0.323,0.646]","(6.67e+04,1.33e+05]","(1.84e+04,4.4e+04]","(5.63e+04,9.07e+04]","(-48.2,1.61e+04]"
146,PSYCHOLOGY,Psychology & Social Work,393735,2584,86648,307087,0.779933204,174438,31500,24000,41000,125148,141860,48207,"(1.21e+05,1.36e+05]","(9.89e+04,1.49e+05]","(2.19e+04,5.13e+04]","(2.63e+05,3.94e+05]","(1.41e+03,2.81e+03]","(5.8e+04,1.16e+05]","(2.05e+05,3.07e+05]","(0.646,0.97]","(1.33e+05,2e+05]","(1.84e+04,4.4e+04]","(2.19e+04,5.63e+04]","(3.21e+04,4.83e+04]"
139,ELEMENTARY EDUCATION,Education,170862,1629,13029,157833,0.923745479,86540,32000,23400,38000,108085,36972,11502,"(1.06e+05,1.21e+05]","(-148,4.95e+04]","(2.19e+04,5.13e+04]","(1.31e+05,2.63e+05]","(1.41e+03,2.81e+03]","(-54.7,5.8e+04]","(1.02e+05,2.05e+05]","(0.646,0.97]","(6.67e+04,1.33e+05]","(1.84e+04,4.4e+04]","(2.19e+04,5.63e+04]","(-48.2,1.61e+04]"
94,COMMUNICATIONS,Communications & Journalism,213996,2394,476,209,0.305109489,116251,35000,27000,45000,40763,97964,27440,"(3.03e+04,4.55e+04]","(4.95e+04,9.89e+04]","(2.19e+04,5.13e+04]","(1.31e+05,2.63e+05]","(1.41e+03,2.81e+03]","(-54.7,5.8e+04]","(-307,1.02e+05]","(-0.000969,0.323]","(6.67e+04,1.33e+05]","(1.84e+04,4.4e+04]","(2.19e+04,5.63e+04]","(1.61e+04,3.21e+04]"
138,ENGLISH LANGUAGE AND LITERATURE,Humanities & Liberal Arts,194673,1436,4897,2519,0.339670982,81180,32000,23000,41000,57690,71827,26503,"(4.55e+04,6.07e+04]","(4.95e+04,9.89e+04]","(2.19e+04,5.13e+04]","(1.31e+05,2.63e+05]","(1.41e+03,2.81e+03]","(-54.7,5.8e+04]","(-307,1.02e+05]","(0.323,0.646]","(6.67e+04,1.33e+05]","(1.84e+04,4.4e+04]","(2.19e+04,5.63e+04]","(1.61e+04,3.21e+04]"
79,POLITICAL SCIENCE AND GOVERNMENT,Social Science,182621,1387,93880,88741,0.485929877,83236,38000,28000,50000,36854,66947,19803,"(3.03e+04,4.55e+04]","(4.95e+04,9.89e+04]","(2.19e+04,5.13e+04]","(1.31e+05,2.63e+05]","(-2.21,1.41e+03]","(5.8e+04,1.16e+05]","(-307,1.02e+05]","(0.323,0.646]","(6.67e+04,1.33e+05]","(1.84e+04,4.4e+04]","(2.19e+04,5.63e+04]","(1.61e+04,3.21e+04]"
9,MECHANICAL ENGINEERING,Engineering,91227,1029,12953,2105,0.139792801,54639,60000,48000,70000,52844,16384,3253,"(4.55e+04,6.07e+04]","(-148,4.95e+04]","(5.13e+04,8.07e+04]","(-270,1.31e+05]","(-2.21,1.41e+03]","(-54.7,5.8e+04]","(-307,1.02e+05]","(-0.000969,0.323]","(-88.8,6.67e+04]","(4.4e+04,6.95e+04]","(5.63e+04,9.07e+04]","(-48.2,1.61e+04]"
42,MATHEMATICS,Computers & Mathematics,72397,541,9005,2908,0.244103081,33738,45000,33000,60000,34800,14829,4569,"(3.03e+04,4.55e+04]","(-148,4.95e+04]","(2.19e+04,5.13e+04]","(-270,1.31e+05]","(-2.21,1.41e+03]","(-54.7,5.8e+04]","(-307,1.02e+05]","(-0.000969,0.323]","(-88.8,6.67e+04]","(1.84e+04,4.4e+04]","(5.63e+04,9.07e+04]","(-48.2,1.61e+04]"
35,NURSING,Health,209394,2554,21773,187621,0.896018988,122817,48000,39000,58000,151643,26146,6193,"(1.36e+05,1.52e+05]","(-148,4.95e+04]","(2.19e+04,5.13e+04]","(1.31e+05,2.63e+05]","(1.41e+03,2.81e+03]","(-54.7,5.8e+04]","(1.02e+05,2.05e+05]","(0.646,0.97]","(6.67e+04,1.33e+05]","(1.84e+04,4.4e+04]","(5.63e+04,9.07e+04]","(-48.2,1.61e+04]"
124,BIOLOGY,Biology & Life Science,280709,1370,111762,168947,0.601858152,100336,33400,24000,45000,88232,81109,28339,"(7.58e+04,9.1e+04]","(4.95e+04,9.89e+04]","(2.19e+04,5.13e+04]","(2.63e+05,3.94e+05]","(-2.21,1.41e+03]","(5.8e+04,1.16e+05]","(1.02e+05,2.05e+05]","(0.323,0.646]","(6.67e+04,1.33e+05]","(1.84e+04,4.4e+04]","(2.19e+04,5.63e+04]","(1.61e+04,3.21e+04]"
114,GENERAL EDUCATION,Education,143718,919,26893,116825,0.812876606,73531,34000,26000,41000,82007,31112,11443,"(7.58e+04,9.1e+04]","(-148,4.95e+04]","(2.19e+04,5.13e+04]","(1.31e+05,2.63e+05]","(-2.21,1.41e+03]","(-54.7,5.8e+04]","(1.02e+05,2.05e+05]","(0.646,0.97]","(6.67e+04,1.33e+05]","(1.84e+04,4.4e+04]","(2.19e+04,5.63e+04]","(-48.2,1.61e+04]"
21,COMPUTER SCIENCE,Computers & Mathematics,128319,1196,1837,2524,0.578766338,70932,53000,39000,70000,68622,25667,5144,"(6.07e+04,7.58e+04]","(-148,4.95e+04]","(5.13e+04,8.07e+04]","(-270,1.31e+05]","(-2.21,1.41e+03]","(-54.7,5.8e+04]","(-307,1.02e+05]","(0.323,0.646]","(6.67e+04,1.33e+05]","(1.84e+04,4.4e+04]","(5.63e+04,9.07e+04]","(-48.2,1.61e+04]"
146,PSYCHOLOGY,Psychology & Social Work,393735,2584,86648,307087,0.779933204,174438,31500,24000,41000,125148,141860,48207,"(1.21e+05,1.36e+05]","(9.89e+04,1.49e+05]","(2.19e+04,5.13e+04]","(2.63e+05,3.94e+05]","(1.41e+03,2.81e+03]","(5.8e+04,1.16e+05]","(2.05e+05,3.07e+05]","(0.646,0.97]","(1.33e+05,2e+05]","(1.84e+04,4.4e+04]","(2.19e+04,5.63e+04]","(3.21e+04,4.83e+04]"
139,ELEMENTARY EDUCATION,Education,170862,1629,13029,157833,0.923745479,86540,32000,23400,38000,108085,36972,11502,"(1.06e+05,1.21e+05]","(-148,4.95e+04]","(2.19e+04,5.13e+04]","(1.31e+05,2.63e+05]","(1.41e+03,2.81e+03]","(-54.7,5.8e+04]","(1.02e+05,2.05e+05]","(0.646,0.97]","(6.67e+04,1.33e+05]","(1.84e+04,4.4e+04]","(2.19e+04,5.63e+04]","(-48.2,1.61e+04]"
94,COMMUNICATIONS,Communications & Journalism,213996,2394,476,209,0.305109489,116251,35000,27000,45000,40763,97964,27440,"(3.03e+04,4.55e+04]","(4.95e+04,9.89e+04]","(2.19e+04,5.13e+04]","(1.31e+05,2.63e+05]","(1.41e+03,2.81e+03]","(-54.7,5.8e+04]","(-307,1.02e+05]","(-0.000969,0.323]","(6.67e+04,1.33e+05]","(1.84e+04,4.4e+04]","(2.19e+04,5.63e+04]","(1.61e+04,3.21e+04]"
138,ENGLISH LANGUAGE AND LITERATURE,Humanities & Liberal Arts,194673,1436,4897,2519,0.339670982,81180,32000,23000,41000,57690,71827,26503,"(4.55e+04,6.07e+04]","(4.95e+04,9.89e+04]","(2.19e+04,5.13e+04]","(1.31e+05,2.63e+05]","(1.41e+03,2.81e+03]","(-54.7,5.8e+04]","(-307,1.02e+05]","(0.323,0.646]","(6.67e+04,1.33e+05]","(1.84e+04,4.4e+04]","(2.19e+04,5.63e+04]","(1.61e+04,3.21e+04]"
79,POLITICAL SCIENCE AND GOVERNMENT,Social Science,182621,1387,93880,88741,0.485929877,83236,38000,28000,50000,36854,66947,19803,"(3.03e+04,4.55e+04]","(4.95e+04,9.89e+04]","(2.19e+04,5.13e+04]","(1.31e+05,2.63e+05]","(-2.21,1.41e+03]","(5.8e+04,1.16e+05]","(-307,1.02e+05]","(0.323,0.646]","(6.67e+04,1.33e+05]","(1.84e+04,4.4e+04]","(2.19e+04,5.63e+04]","(1.61e+04,3.21e+04]"
9,MECHANICAL ENGINEERING,Engineering,91227,1029,12953,2105,0.139792801,54639,60000,48000,70000,52844,16384,3253,"(4.55e+04,6.07e+04]","(-148,4.95e+04]","(5.13e+04,8.07e+04]","(-270,1.31e+05]","(-2.21,1.41e+03]","(-54.7,5.8e+04]","(-307,1.02e+05]","(-0.000969,0.323]","(-88.8,6.67e+04]","(4.4e+04,6.95e+04]","(5.63e+04,9.07e+04]","(-48.2,1.61e+04]"
42,MATHEMATICS,Computers & Mathematics,72397,541,9005,2908,0.244103081,33738,45000,33000,60000,34800,14829,4569,"(3.03e+04,4.55e+04]","(-148,4.95e+04]","(2.19e+04,5.13e+04]","(-270,1.31e+05]","(-2.21,1.41e+03]","(-54.7,5.8e+04]","(-307,1.02e+05]","(-0.000969,0.323]","(-88.8,6.67e+04]","(1.84e+04,4.4e+04]","(5.63e+04,9.07e+04]","(-48.2,1.61e+04]"
151,FAMILY AND CONSUMER SCIENCES,Industrial Arts & Consumer Services,58001,518,5347,16226,0.752143884,26906,30000,22900,40000,20985,20133,5248,"(1.52e+04,3.03e+04]","(-148,4.95e+04]","(2.19e+04,5.13e+04]","(-270,1.31e+05]","(-2.21,1.41e+03]","(-54.7,5.8e+04]","(-307,1.02e+05]","(0.646,0.97]","(-88.8,6.67e+04]","(1.84e+04,4.4e+04]","(2.19e+04,5.63e+04]","(-48.2,1.61e+04]"
11,COMPUTER ENGINEERING,Engineering,41542,399,33258,8284,0.199412643,23621,60000,45000,75000,23694,5721,980,"(1.52e+04,3.03e+04]","(-148,4.95e+04]","(5.13e+04,8.07e+04]","(-270,1.31e+05]","(-2.21,1.41e+03]","(-54.7,5.8e+04]","(-307,1.02e+05]","(-0.000969,0.323]","(-88.8,6.67e+04]","(4.4e+04,6.95e+04]","(5.63e+04,9.07e+04]","(-48.2,1.61e+04]"
125,SOCIOLOGY,Social Science,115433,1024,24704,28120,0.532333788,56561,33000,25000,44000,29051,48899,13748,"(1.52e+04,3.03e+04]","(-148,4.95e+04]","(2.19e+04,5.13e+04]","(-270,1.31e+05]","(-2.21,1.41e+03]","(-54.7,5.8e+04]","(-307,1.02e+05]","(0.323,0.646]","(-88.8,6.67e+04]","(1.84e+04,4.4e+04]","(2.19e+04,5.63e+04]","(-48.2,1.61e+04]"
97,JOURNALISM,Communications & Journalism,72619,843,8739,22456,0.719858952,39524,35000,26000,42900,23279,26672,8512,"(1.52e+04,3.03e+04]","(-148,4.95e+04]","(2.19e+04,5.13e+04]","(-270,1.31e+05]","(-2.21,1.41e+03]","(-54.7,5.8e+04]","(-307,1.02e+05]","(0.646,0.97]","(-88.8,6.67e+04]","(1.84e+04,4.4e+04]","(2.19e+04,5.63e+04]","(-48.2,1.61e+04]"
150,FINE ARTS,Arts,74440,623,24786,49654,0.667033853,31877,30500,21000,41000,20792,32725,11880,"(1.52e+04,3.03e+04]","(-148,4.95e+04]","(2.19e+04,5.13e+04]","(-270,1.31e+05]","(-2.21,1.41e+03]","(-54.7,5.8e+04]","(-307,1.02e+05]","(0.646,0.97]","(-88.8,6.67e+04]","(1.84e+04,4.4e+04]","(2.19e+04,5.63e+04]","(-48.2,1.61e+04]"
129,LANGUAGE AND DRAMA EDUCATION,Education,30471,235,3878,5276,0.576360061,15266,33000,24000,40000,17985,6824,2819,"(1.52e+04,3.03e+04]","(-148,4.95e+04]","(2.19e+04,5.13e+04]","(-270,1.31e+05]","(-2.21,1.41e+03]","(-54.7,5.8e+04]","(-307,1.02e+05]","(0.323,0.646]","(-88.8,6.67e+04]","(1.84e+04,4.4e+04]","(2.19e+04,5.63e+04]","(-48.2,1.61e+04]"
164,COMMUNICATION DISORDERS SCIENCES AND SERVICES,Health,38279,95,11376,27468,0.707136237,14460,28000,20000,40000,19957,9404,5125,"(1.52e+04,3.03e+04]","(-148,4.95e+04]","(2.19e+04,5.13e+04]","(-270,1.31e+05]","(-2.21,1.41e+03]","(-54.7,5.8e+04]","(-307,1.02e+05]","(0.646,0.97]","(-88.8,6.67e+04]","(1.84e+04,4.4e+04]","(2.19e+04,5.63e+04]","(-48.2,1.61e+04]"
83,BIOCHEMICAL SCIENCES,Biology & Life Science,39107,174,18951,20156,0.515406449,13785,37400,29000,50000,15654,8394,3012,"(1.52e+04,3.03e+04]","(-148,4.95e+04]","(2.19e+04,5.13e+04]","(-270,1.31e+05]","(-2.21,1.41e+03]","(-54.7,5.8e+04]","(-307,1.02e+05]","(0.323,0.646]","(-88.8,6.67e+04]","(1.84e+04,4.4e+04]","(2.19e+04,5.63e+04]","(-48.2,1.61e+04]"
141,LIBERAL ARTS,Humanities & Liberal Arts,71369,569,58227,136446,0.70089843,33438,32000,25000,42000,18565,28558,9030,"(1.52e+04,3.03e+04]","(-148,4.95e+04]","(2.19e+04,5.13e+04]","(-270,1.31e+05]","(-2.21,1.41e+03]","(5.8e+04,1.16e+05]","(1.02e+05,2.05e+05]","(0.646,0.97]","(-88.8,6.67e+04]","(1.84e+04,4.4e+04]","(2.19e+04,5.63e+04]","(-48.2,1.61e+04]"
58,GENERAL BUSINESS,Business,234590,2380,6053,4346,0.4179248,138299,40000,30000,55000,29334,100831,27320,"(1.52e+04,3.03e+04]","(9.89e+04,1.49e+05]","(2.19e+04,5.13e+04]","(1.31e+05,2.63e+05]","(1.41e+03,2.81e+03]","(-54.7,5.8e+04]","(-307,1.02e+05]","(0.323,0.646]","(1.33e+05,2e+05]","(1.84e+04,4.4e+04]","(2.19e+04,5.63e+04]","(1.61e+04,3.21e+04]"
140,PHYSICAL FITNESS PARKS RECREATION AND LEISURE,Industrial Arts & Consumer Services,125074,1014,2049,4434,0.683942619,57978,32000,24000,43000,27581,63946,16838,"(1.52e+04,3.03e+04]","(4.95e+04,9.89e+04]","(2.19e+04,5.13e+04]","(-270,1.31e+05]","(-2.21,1.41e+03]","(-54.7,5.8e+04]","(-307,1.02e+05]","(0.646,0.97]","(-88.8,6.67e+04]","(1.84e+04,4.4e+04]","(2.19e+04,5.63e+04]","(1.61e+04,3.21e+04]"
37,ECONOMICS,Social Science,139247,1322,115030,59476,0.340824957,70740,47000,35000,65000,25582,37057,10653,"(1.52e+04,3.03e+04]","(-148,4.95e+04]","(2.19e+04,5.13e+04]","(1.31e+05,2.63e+05]","(-2.21,1.41e+03]","(5.8e+04,1.16e+05]","(-307,1.02e+05]","(0.323,0.646]","(6.67e+04,1.33e+05]","(1.84e+04,4.4e+04]","(5.63e+04,9.07e+04]","(-48.2,1.61e+04]"
78,MARKETING AND MARKETING RESEARCH,Business,205211,2684,11404,7076,0.382900433,127230,38000,30000,50000,25320,93889,27968,"(1.52e+04,3.03e+04]","(4.95e+04,9.89e+04]","(2.19e+04,5.13e+04]","(1.31e+05,2.63e+05]","(1.41e+03,2.81e+03]","(-54.7,5.8e+04]","(-307,1.02e+05]","(0.323,0.646]","(6.67e+04,1.33e+05]","(1.84e+04,4.4e+04]","(2.19e+04,5.63e+04]","(1.61e+04,3.21e+04]"
137,ART AND MUSIC EDUCATION,Education,34181,338,10732,23449,0.6860244,16537,32100,25000,40000,20821,8260,2767,"(1.52e+04,3.03e+04]","(-148,4.95e+04]","(2.19e+04,5.13e+04]","(-270,1.31e+05]","(-2.21,1.41e+03]","(-54.7,5.8e+04]","(-307,1.02e+05]","(0.646,0.97]","(-88.8,6.67e+04]","(1.84e+04,4.4e+04]","(2.19e+04,5.63e+04]","(-48.2,1.61e+04]"
98,MULTI-DISCIPLINARY OR GENERAL SCIENCE,Physical Sciences,62052,427,70619,143377,0.669998505,28966,35000,24000,50000,17923,22039,5751,"(1.52e+04,3.03e+04]","(-148,4.95e+04]","(2.19e+04,5.13e+04]","(-270,1.31e+05]","(-2.21,1.41e+03]","(5.8e+04,1.16e+05]","(1.02e+05,2.05e+05]","(0.646,0.97]","(-88.8,6.67e+04]","(1.84e+04,4.4e+04]","(2.19e+04,5.63e+04]","(-48.2,1.61e+04]"
36,FINANCE,Business,174506,2189,89749,49498,0.355469059,108595,47000,35000,64000,24243,48447,9910,"(1.52e+04,3.03e+04]","(-148,4.95e+04]","(2.19e+04,5.13e+04]","(1.31e+05,2.63e+05]","(1.41e+03,2.81e+03]","(5.8e+04,1.16e+05]","(-307,1.02e+05]","(0.323,0.646]","(6.67e+04,1.33e+05]","(1.84e+04,4.4e+04]","(5.63e+04,9.07e+04]","(-48.2,1.61e+04]"
5,CHEMICAL ENGINEERING,Engineering,32260,289,21239,11021,0.341630502,16697,65000,50000,75000,18314,4440,972,"(1.52e+04,3.03e+04]","(-148,4.95e+04]","(5.13e+04,8.07e+04]","(-270,1.31e+05]","(-2.21,1.41e+03]","(-54.7,5.8e+04]","(-307,1.02e+05]","(0.323,0.646]","(-88.8,6.67e+04]","(4.4e+04,6.95e+04]","(5.63e+04,9.07e+04]","(-48.2,1.61e+04]"
59,ARCHITECTURE,Engineering,46420,362,9658,4582,0.321769663,20026,40000,31000,50000,16178,13724,4221,"(1.52e+04,3.03e+04]","(-148,4.95e+04]","(2.19e+04,5.13e+04]","(-270,1.31e+05]","(-2.21,1.41e+03]","(-54.7,5.8e+04]","(-307,1.02e+05]","(-0.000969,0.323]","(-88.8,6.67e+04]","(1.84e+04,4.4e+04]","(2.19e+04,5.63e+04]","(-48.2,1.61e+04]"
95,CRIMINAL JUSTICE AND FIRE PROTECTION,Law & Public Policy,152824,1728,3156,451,0.125034655,88548,35000,26000,45000,24348,88858,18404,"(1.52e+04,3.03e+04]","(4.95e+04,9.89e+04]","(2.19e+04,5.13e+04]","(1.31e+05,2.63e+05]","(1.41e+03,2.81e+03]","(-54.7,5.8e+04]","(-307,1.02e+05]","(-0.000969,0.323]","(6.67e+04,1.33e+05]","(1.84e+04,4.4e+04]","(2.19e+04,5.63e+04]","(1.61e+04,3.21e+04]"
35,NURSING,Health,209394,2554,21773,187621,0.896018988,122817,48000,39000,58000,151643,26146,6193,"(1.36e+05,1.52e+05]","(-148,4.95e+04]","(2.19e+04,5.13e+04]","(1.31e+05,2.63e+05]","(1.41e+03,2.81e+03]","(-54.7,5.8e+04]","(1.02e+05,2.05e+05]","(0.646,0.97]","(6.67e+04,1.33e+05]","(1.84e+04,4.4e+04]","(5.63e+04,9.07e+04]","(-48.2,1.61e+04]"
124,BIOLOGY,Biology & Life Science,280709,1370,111762,168947,0.601858152,100336,33400,24000,45000,88232,81109,28339,"(7.58e+04,9.1e+04]","(4.95e+04,9.89e+04]","(2.19e+04,5.13e+04]","(2.63e+05,3.94e+05]","(-2.21,1.41e+03]","(5.8e+04,1.16e+05]","(1.02e+05,2.05e+05]","(0.323,0.646]","(6.67e+04,1.33e+05]","(1.84e+04,4.4e+04]","(2.19e+04,5.63e+04]","(1.61e+04,3.21e+04]"
114,GENERAL EDUCATION,Education,143718,919,26893,116825,0.812876606,73531,34000,26000,41000,82007,31112,11443,"(7.58e+04,9.1e+04]","(-148,4.95e+04]","(2.19e+04,5.13e+04]","(1.31e+05,2.63e+05]","(-2.21,1.41e+03]","(-54.7,5.8e+04]","(1.02e+05,2.05e+05]","(0.646,0.97]","(6.67e+04,1.33e+05]","(1.84e+04,4.4e+04]","(2.19e+04,5.63e+04]","(-48.2,1.61e+04]"
21,COMPUTER SCIENCE,Computers & Mathematics,128319,1196,1837,2524,0.578766338,70932,53000,39000,70000,68622,25667,5144,"(6.07e+04,7.58e+04]","(-148,4.95e+04]","(5.13e+04,8.07e+04]","(-270,1.31e+05]","(-2.21,1.41e+03]","(-54.7,5.8e+04]","(-307,1.02e+05]","(0.323,0.646]","(6.67e+04,1.33e+05]","(1.84e+04,4.4e+04]","(5.63e+04,9.07e+04]","(-48.2,1.61e+04]"
146,PSYCHOLOGY,Psychology & Social Work,393735,2584,86648,307087,0.779933204,174438,31500,24000,41000,125148,141860,48207,"(1.21e+05,1.36e+05]","(9.89e+04,1.49e+05]","(2.19e+04,5.13e+04]","(2.63e+05,3.94e+05]","(1.41e+03,2.81e+03]","(5.8e+04,1.16e+05]","(2.05e+05,3.07e+05]","(0.646,0.97]","(1.33e+05,2e+05]","(1.84e+04,4.4e+04]","(2.19e+04,5.63e+04]","(3.21e+04,4.83e+04]"
139,ELEMENTARY EDUCATION,Education,170862,1629,13029,157833,0.923745479,86540,32000,23400,38000,108085,36972,11502,"(1.06e+05,1.21e+05]","(-148,4.95e+04]","(2.19e+04,5.13e+04]","(1.31e+05,2.63e+05]","(1.41e+03,2.81e+03]","(-54.7,5.8e+04]","(1.02e+05,2.05e+05]","(0.646,0.97]","(6.67e+04,1.33e+05]","(1.84e+04,4.4e+04]","(2.19e+04,5.63e+04]","(-48.2,1.61e+04]"
94,COMMUNICATIONS,Communications & Journalism,213996,2394,476,209,0.305109489,116251,35000,27000,45000,40763,97964,27440,"(3.03e+04,4.55e+04]","(4.95e+04,9.89e+04]","(2.19e+04,5.13e+04]","(1.31e+05,2.63e+05]","(1.41e+03,2.81e+03]","(-54.7,5.8e+04]","(-307,1.02e+05]","(-0.000969,0.323]","(6.67e+04,1.33e+05]","(1.84e+04,4.4e+04]","(2.19e+04,5.63e+04]","(1.61e+04,3.21e+04]"
138,ENGLISH LANGUAGE AND LITERATURE,Humanities & Liberal Arts,194673,1436,4897,2519,0.339670982,81180,32000,23000,41000,57690,71827,26503,"(4.55e+04,6.07e+04]","(4.95e+04,9.89e+04]","(2.19e+04,5.13e+04]","(1.31e+05,2.63e+05]","(1.41e+03,2.81e+03]","(-54.7,5.8e+04]","(-307,1.02e+05]","(0.323,0.646]","(6.67e+04,1.33e+05]","(1.84e+04,4.4e+04]","(2.19e+04,5.63e+04]","(1.61e+04,3.21e+04]"
79,POLITICAL SCIENCE AND GOVERNMENT,Social Science,182621,1387,93880,88741,0.485929877,83236,38000,28000,50000,36854,66947,19803,"(3.03e+04,4.55e+04]","(4.95e+04,9.89e+04]","(2.19e+04,5.13e+04]","(1.31e+05,2.63e+05]","(-2.21,1.41e+03]","(5.8e+04,1.16e+05]","(-307,1.02e+05]","(0.323,0.646]","(6.67e+04,1.33e+05]","(1.84e+04,4.4e+04]","(2.19e+04,5.63e+04]","(1.61e+04,3.21e+04]"
9,MECHANICAL ENGINEERING,Engineering,91227,1029,12953,2105,0.139792801,54639,60000,48000,70000,52844,16384,3253,"(4.55e+04,6.07e+04]","(-148,4.95e+04]","(5.13e+04,8.07e+04]","(-270,1.31e+05]","(-2.21,1.41e+03]","(-54.7,5.8e+04]","(-307,1.02e+05]","(-0.000969,0.323]","(-88.8,6.67e+04]","(4.4e+04,6.95e+04]","(5.63e+04,9.07e+04]","(-48.2,1.61e+04]"
42,MATHEMATICS,Computers & Mathematics,72397,541,9005,2908,0.244103081,33738,45000,33000,60000,34800,14829,4569,"(3.03e+04,4.55e+04]","(-148,4.95e+04]","(2.19e+04,5.13e+04]","(-270,1.31e+05]","(-2.21,1.41e+03]","(-54.7,5.8e+04]","(-307,1.02e+05]","(-0.000969,0.323]","(-88.8,6.67e+04]","(1.84e+04,4.4e+04]","(5.63e+04,9.07e+04]","(-48.2,1.61e+04]"
35,NURSING,Health,209394,2554,21773,187621,0.896018988,122817,48000,39000,58000,151643,26146,6193,"(1.36e+05,1.52e+05]","(-148,4.95e+04]","(2.19e+04,5.13e+04]","(1.31e+05,2.63e+05]","(1.41e+03,2.81e+03]","(-54.7,5.8e+04]","(1.02e+05,2.05e+05]","(0.646,0.97]","(6.67e+04,1.33e+05]","(1.84e+04,4.4e+04]","(5.63e+04,9.07e+04]","(-48.2,1.61e+04]"
124,BIOLOGY,Biology & Life Science,280709,1370,111762,168947,0.601858152,100336,33400,24000,45000,88232,81109,28339,"(7.58e+04,9.1e+04]","(4.95e+04,9.89e+04]","(2.19e+04,5.13e+04]","(2.63e+05,3.94e+05]","(-2.21,1.41e+03]","(5.8e+04,1.16e+05]","(1.02e+05,2.05e+05]","(0.323,0.646]","(6.67e+04,1.33e+05]","(1.84e+04,4.4e+04]","(2.19e+04,5.63e+04]","(1.61e+04,3.21e+04]"
114,GENERAL EDUCATION,Education,143718,919,26893,116825,0.812876606,73531,34000,26000,41000,82007,31112,11443,"(7.58e+04,9.1e+04]","(-148,4.95e+04]","(2.19e+04,5.13e+04]","(1.31e+05,2.63e+05]","(-2.21,1.41e+03]","(-54.7,5.8e+04]","(1.02e+05,2.05e+05]","(0.646,0.97]","(6.67e+04,1.33e+05]","(1.84e+04,4.4e+04]","(2.19e+04,5.63e+04]","(-48.2,1.61e+04]"
21,COMPUTER SCIENCE,Computers & Mathematics,128319,1196,1837,2524,0.578766338,70932,53000,39000,70000,68622,25667,5144,"(6.07e+04,7.58e+04]","(-148,4.95e+04]","(5.13e+04,8.07e+04]","(-270,1.31e+05]","(-2.21,1.41e+03]","(-54.7,5.8e+04]","(-307,1.02e+05]","(0.323,0.646]","(6.67e+04,1.33e+05]","(1.84e+04,4.4e+04]","(5.63e+04,9.07e+04]","(-48.2,1.61e+04]"
146,PSYCHOLOGY,Psychology & Social Work,393735,2584,86648,307087,0.779933204,174438,31500,24000,41000,125148,141860,48207,"(1.21e+05,1.36e+05]","(9.89e+04,1.49e+05]","(2.19e+04,5.13e+04]","(2.63e+05,3.94e+05]","(1.41e+03,2.81e+03]","(5.8e+04,1.16e+05]","(2.05e+05,3.07e+05]","(0.646,0.97]","(1.33e+05,2e+05]","(1.84e+04,4.4e+04]","(2.19e+04,5.63e+04]","(3.21e+04,4.83e+04]"
139,ELEMENTARY EDUCATION,Education,170862,1629,13029,157833,0.923745479,86540,32000,23400,38000,108085,36972,11502,"(1.06e+05,1.21e+05]","(-148,4.95e+04]","(2.19e+04,5.13e+04]","(1.31e+05,2.63e+05]","(1.41e+03,2.81e+03]","(-54.7,5.8e+04]","(1.02e+05,2.05e+05]","(0.646,0.97]","(6.67e+04,1.33e+05]","(1.84e+04,4.4e+04]","(2.19e+04,5.63e+04]","(-48.2,1.61e+04]"
94,COMMUNICATIONS,Communications & Journalism,213996,2394,476,209,0.305109489,116251,35000,27000,45000,40763,97964,27440,"(3.03e+04,4.55e+04]","(4.95e+04,9.89e+04]","(2.19e+04,5.13e+04]","(1.31e+05,2.63e+05]","(1.41e+03,2.81e+03]","(-54.7,5.8e+04]","(-307,1.02e+05]","(-0.000969,0.323]","(6.67e+04,1.33e+05]","(1.84e+04,4.4e+04]","(2.19e+04,5.63e+04]","(1.61e+04,3.21e+04]"
138,ENGLISH LANGUAGE AND LITERATURE,Humanities & Liberal Arts,194673,1436,4897,2519,0.339670982,81180,32000,23000,41000,57690,71827,26503,"(4.55e+04,6.07e+04]","(4.95e+04,9.89e+04]","(2.19e+04,5.13e+04]","(1.31e+05,2.63e+05]","(1.41e+03,2.81e+03]","(-54.7,5.8e+04]","(-307,1.02e+05]","(0.323,0.646]","(6.67e+04,1.33e+05]","(1.84e+04,4.4e+04]","(2.19e+04,5.63e+04]","(1.61e+04,3.21e+04]"
79,POLITICAL SCIENCE AND GOVERNMENT,Social Science,182621,1387,93880,88741,0.485929877,83236,38000,28000,50000,36854,66947,19803,"(3.03e+04,4.55e+04]","(4.95e+04,9.89e+04]","(2.19e+04,5.13e+04]","(1.31e+05,2.63e+05]","(-2.21,1.41e+03]","(5.8e+04,1.16e+05]","(-307,1.02e+05]","(0.323,0.646]","(6.67e+04,1.33e+05]","(1.84e+04,4.4e+04]","(2.19e+04,5.63e+04]","(1.61e+04,3.21e+04]"
9,MECHANICAL ENGINEERING,Engineering,91227,1029,12953,2105,0.139792801,54639,60000,48000,70000,52844,16384,3253,"(4.55e+04,6.07e+04]","(-148,4.95e+04]","(5.13e+04,8.07e+04]","(-270,1.31e+05]","(-2.21,1.41e+03]","(-54.7,5.8e+04]","(-307,1.02e+05]","(-0.000969,0.323]","(-88.8,6.67e+04]","(4.4e+04,6.95e+04]","(5.63e+04,9.07e+04]","(-48.2,1.61e+04]"
42,MATHEMATICS,Computers & Mathematics,72397,541,9005,2908,0.244103081,33738,45000,33000,60000,34800,14829,4569,"(3.03e+04,4.55e+04]","(-148,4.95e+04]","(2.19e+04,5.13e+04]","(-270,1.31e+05]","(-2.21,1.41e+03]","(-54.7,5.8e+04]","(-307,1.02e+05]","(-0.000969,0.323]","(-88.8,6.67e+04]","(1.84e+04,4.4e+04]","(5.63e+04,9.07e+04]","(-48.2,1.61e+04]"
35,NURSING,Health,209394,2554,21773,187621,0.896018988,122817,48000,39000,58000,151643,26146,6193,"(1.36e+05,1.52e+05]","(-148,4.95e+04]","(2.19e+04,5.13e+04]","(1.31e+05,2.63e+05]","(1.41e+03,2.81e+03]","(-54.7,5.8e+04]","(1.02e+05,2.05e+05]","(0.646,0.97]","(6.67e+04,1.33e+05]","(1.84e+04,4.4e+04]","(5.63e+04,9.07e+04]","(-48.2,1.61e+04]"
124,BIOLOGY,Biology & Life Science,280709,1370,111762,168947,0.601858152,100336,33400,24000,45000,88232,81109,28339,"(7.58e+04,9.1e+04]","(4.95e+04,9.89e+04]","(2.19e+04,5.13e+04]","(2.63e+05,3.94e+05]","(-2.21,1.41e+03]","(5.8e+04,1.16e+05]","(1.02e+05,2.05e+05]","(0.323,0.646]","(6.67e+04,1.33e+05]","(1.84e+04,4.4e+04]","(2.19e+04,5.63e+04]","(1.61e+04,3.21e+04]"
114,GENERAL EDUCATION,Education,143718,919,26893,116825,0.812876606,73531,34000,26000,41000,82007,31112,11443,"(7.58e+04,9.1e+04]","(-148,4.95e+04]","(2.19e+04,5.13e+04]","(1.31e+05,2.63e+05]","(-2.21,1.41e+03]","(-54.7,5.8e+04]","(1.02e+05,2.05e+05]","(0.646,0.97]","(6.67e+04,1.33e+05]","(1.84e+04,4.4e+04]","(2.19e+04,5.63e+04]","(-48.2,1.61e+04]"
21,COMPUTER SCIENCE,Computers & Mathematics,128319,1196,1837,2524,0.578766338,70932,53000,39000,70000,68622,25667,5144,"(6.07e+04,7.58e+04]","(-148,4.95e+04]","(5.13e+04,8.07e+04]","(-270,1.31e+05]","(-2.21,1.41e+03]","(-54.7,5.8e+04]","(-307,1.02e+05]","(0.323,0.646]","(6.67e+04,1.33e+05]","(1.84e+04,4.4e+04]","(5.63e+04,9.07e+04]","(-48.2,1.61e+04]"
146,PSYCHOLOGY,Psychology & Social Work,393735,2584,86648,307087,0.779933204,174438,31500,24000,41000,125148,141860,48207,"(1.21e+05,1.36e+05]","(9.89e+04,1.49e+05]","(2.19e+04,5.13e+04]","(2.63e+05,3.94e+05]","(1.41e+03,2.81e+03]","(5.8e+04,1.16e+05]","(2.05e+05,3.07e+05]","(0.646,0.97]","(1.33e+05,2e+05]","(1.84e+04,4.4e+04]","(2.19e+04,5.63e+04]","(3.21e+04,4.83e+04]"
139,ELEMENTARY EDUCATION,Education,170862,1629,13029,157833,0.923745479,86540,32000,23400,38000,108085,36972,11502,"(1.06e+05,1.21e+05]","(-148,4.95e+04]","(2.19e+04,5.13e+04]","(1.31e+05,2.63e+05]","(1.41e+03,2.81e+03]","(-54.7,5.8e+04]","(1.02e+05,2.05e+05]","(0.646,0.97]","(6.67e+04,1.33e+05]","(1.84e+04,4.4e+04]","(2.19e+04,5.63e+04]","(-48.2,1.61e+04]"
94,COMMUNICATIONS,Communications & Journalism,213996,2394,476,209,0.305109489,116251,35000,27000,45000,40763,97964,27440,"(3.03e+04,4.55e+04]","(4.95e+04,9.89e+04]","(2.19e+04,5.13e+04]","(1.31e+05,2.63e+05]","(1.41e+03,2.81e+03]","(-54.7,5.8e+04]","(-307,1.02e+05]","(-0.000969,0.323]","(6.67e+04,1.33e+05]","(1.84e+04,4.4e+04]","(2.19e+04,5.63e+04]","(1.61e+04,3.21e+04]"
138,ENGLISH LANGUAGE AND LITERATURE,Humanities & Liberal Arts,194673,1436,4897,2519,0.339670982,81180,32000,23000,41000,57690,71827,26503,"(4.55e+04,6.07e+04]","(4.95e+04,9.89e+04]","(2.19e+04,5.13e+04]","(1.31e+05,2.63e+05]","(1.41e+03,2.81e+03]","(-54.7,5.8e+04]","(-307,1.02e+05]","(0.323,0.646]","(6.67e+04,1.33e+05]","(1.84e+04,4.4e+04]","(2.19e+04,5.63e+04]","(1.61e+04,3.21e+04]"
79,POLITICAL SCIENCE AND GOVERNMENT,Social Science,182621,1387,93880,88741,0.485929877,83236,38000,28000,50000,36854,66947,19803,"(3.03e+04,4.55e+04]","(4.95e+04,9.89e+04]","(2.19e+04,5.13e+04]","(1.31e+05,2.63e+05]","(-2.21,1.41e+03]","(5.8e+04,1.16e+05]","(-307,1.02e+05]","(0.323,0.646]","(6.67e+04,1.33e+05]","(1.84e+04,4.4e+04]","(2.19e+04,5.63e+04]","(1.61e+04,3.21e+04]"
9,MECHANICAL ENGINEERING,Engineering,91227,1029,12953,2105,0.139792801,54639,60000,48000,70000,52844,16384,3253,"(4.55e+04,6.07e+04]","(-148,4.95e+04]","(5.13e+04,8.07e+04]","(-270,1.31e+05]","(-2.21,1.41e+03]","(-54.7,5.8e+04]","(-307,1.02e+05]","(-0.000969,0.323]","(-88.8,6.67e+04]","(4.4e+04,6.95e+04]","(5.63e+04,9.07e+04]","(-48.2,1.61e+04]"
42,MATHEMATICS,Computers & Mathematics,72397,541,9005,2908,0.244103081,33738,45000,33000,60000,34800,14829,4569,"(3.03e+04,4.55e+04]","(-148,4.95e+04]","(2.19e+04,5.13e+04]","(-270,1.31e+05]","(-2.21,1.41e+03]","(-54.7,5.8e+04]","(-307,1.02e+05]","(-0.000969,0.323]","(-88.8,6.67e+04]","(1.84e+04,4.4e+04]","(5.63e+04,9.07e+04]","(-48.2,1.61e+04]"
35,NURSING,Health,209394,2554,21773,187621,0.896018988,122817,48000,39000,58000,151643,26146,6193,"(1.36e+05,1.52e+05]","(-148,4.95e+04]","(2.19e+04,5.13e+04]","(1.31e+05,2.63e+05]","(1.41e+03,2.81e+03]","(-54.7,5.8e+04]","(1.02e+05,2.05e+05]","(0.646,0.97]","(6.67e+04,1.33e+05]","(1.84e+04,4.4e+04]","(5.63e+04,9.07e+04]","(-48.2,1.61e+04]"
124,BIOLOGY,Biology & Life Science,280709,1370,111762,168947,0.601858152,100336,33400,24000,45000,88232,81109,28339,"(7.58e+04,9.1e+04]","(4.95e+04,9.89e+04]","(2.19e+04,5.13e+04]","(2.63e+05,3.94e+05]","(-2.21,1.41e+03]","(5.8e+04,1.16e+05]","(1.02e+05,2.05e+05]","(0.323,0.646]","(6.67e+04,1.33e+05]","(1.84e+04,4.4e+04]","(2.19e+04,5.63e+04]","(1.61e+04,3.21e+04]"
114,GENERAL EDUCATION,Education,143718,919,26893,116825,0.812876606,73531,34000,26000,41000,82007,31112,11443,"(7.58e+04,9.1e+04]","(-148,4.95e+04]","(2.19e+04,5.13e+04]","(1.31e+05,2.63e+05]","(-2.21,1.41e+03]","(-54.7,5.8e+04]","(1.02e+05,2.05e+05]","(0.646,0.97]","(6.67e+04,1.33e+05]","(1.84e+04,4.4e+04]","(2.19e+04,5.63e+04]","(-48.2,1.61e+04]"
21,COMPUTER SCIENCE,Computers & Mathematics,128319,1196,1837,2524,0.578766338,70932,53000,39000,70000,68622,25667,5144,"(6.07e+04,7.58e+04]","(-148,4.95e+04]","(5.13e+04,8.07e+04]","(-270,1.31e+05]","(-2.21,1.41e+03]","(-54.7,5.8e+04]","(-307,1.02e+05]","(0.323,0.646]","(6.67e+04,1.33e+05]","(1.84e+04,4.4e+04]","(5.63e+04,9.07e+04]","(-48.2,1.61e+04]"
146,PSYCHOLOGY,Psychology & Social Work,393735,2584,86648,307087,0.779933204,174438,31500,24000,41000,125148,141860,48207,"(1.21e+05,1.36e+05]","(9.89e+04,1.49e+05]","(2.19e+04,5.13e+04]","(2.63e+05,3.94e+05]","(1.41e+03,2.81e+03]","(5.8e+04,1.16e+05]","(2.05e+05,3.07e+05]","(0.646,0.97]","(1.33e+05,2e+05]","(1.84e+04,4.4e+04]","(2.19e+04,5.63e+04]","(3.21e+04,4.83e+04]"
139,ELEMENTARY EDUCATION,Education,170862,1629,13029,157833,0.923745479,86540,32000,23400,38000,108085,36972,11502,"(1.06e+05,1.21e+05]","(-148,4.95e+04]","(2.19e+04,5.13e+04]","(1.31e+05,2.63e+05]","(1.41e+03,2.81e+03]","(-54.7,5.8e+04]","(1.02e+05,2.05e+05]","(0.646,0.97]","(6.67e+04,1.33e+05]","(1.84e+04,4.4e+04]","(2.19e+04,5.63e+04]","(-48.2,1.61e+04]"
94,COMMUNICATIONS,Communications & Journalism,213996,2394,476,209,0.305109489,116251,35000,27000,45000,40763,97964,27440,"(3.03e+04,4.55e+04]","(4.95e+04,9.89e+04]","(2.19e+04,5.13e+04]","(1.31e+05,2.63e+05]","(1.41e+03,2.81e+03]","(-54.7,5.8e+04]","(-307,1.02e+05]","(-0.000969,0.323]","(6.67e+04,1.33e+05]","(1.84e+04,4.4e+04]","(2.19e+04,5.63e+04]","(1.61e+04,3.21e+04]"
138,ENGLISH LANGUAGE AND LITERATURE,Humanities & Liberal Arts,194673,1436,4897,2519,0.339670982,81180,32000,23000,41000,57690,71827,26503,"(4.55e+04,6.07e+04]","(4.95e+04,9.89e+04]","(2.19e+04,5.13e+04]","(1.31e+05,2.63e+05]","(1.41e+03,2.81e+03]","(-54.7,5.8e+04]","(-307,1.02e+05]","(0.323,0.646]","(6.67e+04,1.33e+05]","(1.84e+04,4.4e+04]","(2.19e+04,5.63e+04]","(1.61e+04,3.21e+04]"
79,POLITICAL SCIENCE AND GOVERNMENT,Social Science,182621,1387,93880,88741,0.485929877,83236,38000,28000,50000,36854,66947,19803,"(3.03e+04,4.55e+04]","(4.95e+04,9.89e+04]","(2.19e+04,5.13e+04]","(1.31e+05,2.63e+05]","(-2.21,1.41e+03]","(5.8e+04,1.16e+05]","(-307,1.02e+05]","(0.323,0.646]","(6.67e+04,1.33e+05]","(1.84e+04,4.4e+04]","(2.19e+04,5.63e+04]","(1.61e+04,3.21e+04]"
9,MECHANICAL ENGINEERING,Engineering,91227,1029,12953,2105,0.139792801,54639,60000,48000,70000,52844,16384,3253,"(4.55e+04,6.07e+04]","(-148,4.95e+04]","(5.13e+04,8.07e+04]","(-270,1.31e+05]","(-2.21,1.41e+03]","(-54.7,5.8e+04]","(-307,1.02e+05]","(-0.000969,0.323]","(-88.8,6.67e+04]","(4.4e+04,6.95e+04]","(5.63e+04,9.07e+04]","(-48.2,1.61e+04]"
42,MATHEMATICS,Computers & Mathematics,72397,541,9005,2908,0.244103081,33738,45000,33000,60000,34800,14829,4569,"(3.03e+04,4.55e+04]","(-148,4.95e+04]","(2.19e+04,5.13e+04]","(-270,1.31e+05]","(-2.21,1.41e+03]","(-54.7,5.8e+04]","(-307,1.02e+05]","(-0.000969,0.323]","(-88.8,6.67e+04]","(1.84e+04,4.4e+04]","(5.63e+04,9.07e+04]","(-48.2,1.61e+04]"
35,NURSING,Health,209394,2554,21773,187621,0.896018988,122817,48000,39000,58000,151643,26146,6193,"(1.36e+05,1.52e+05]","(-148,4.95e+04]","(2.19e+04,5.13e+04]","(1.31e+05,2.63e+05]","(1.41e+03,2.81e+03]","(-54.7,5.8e+04]","(1.02e+05,2.05e+05]","(0.646,0.97]","(6.67e+04,1.33e+05]","(1.84e+04,4.4e+04]","(5.63e+04,9.07e+04]","(-48.2,1.61e+04]"
124,BIOLOGY,Biology & Life Science,280709,1370,111762,168947,0.601858152,100336,33400,24000,45000,88232,81109,28339,"(7.58e+04,9.1e+04]","(4.95e+04,9.89e+04]","(2.19e+04,5.13e+04]","(2.63e+05,3.94e+05]","(-2.21,1.41e+03]","(5.8e+04,1.16e+05]","(1.02e+05,2.05e+05]","(0.323,0.646]","(6.67e+04,1.33e+05]","(1.84e+04,4.4e+04]","(2.19e+04,5.63e+04]","(1.61e+04,3.21e+04]"
114,GENERAL EDUCATION,Education,143718,919,26893,116825,0.812876606,73531,34000,26000,41000,82007,31112,11443,"(7.58e+04,9.1e+04]","(-148,4.95e+04]","(2.19e+04,5.13e+04]","(1.31e+05,2.63e+05]","(-2.21,1.41e+03]","(-54.7,5.8e+04]","(1.02e+05,2.05e+05]","(0.646,0.97]","(6.67e+04,1.33e+05]","(1.84e+04,4.4e+04]","(2.19e+04,5.63e+04]","(-48.2,1.61e+04]"
21,COMPUTER SCIENCE,Computers & Mathematics,128319,1196,1837,2524,0.578766338,70932,53000,39000,70000,68622,25667,5144,"(6.07e+04,7.58e+04]","(-148,4.95e+04]","(5.13e+04,8.07e+04]","(-270,1.31e+05]","(-2.21,1.41e+03]","(-54.7,5.8e+04]","(-307,1.02e+05]","(0.323,0.646]","(6.67e+04,1.33e+05]","(1.84e+04,4.4e+04]","(5.63e+04,9.07e+04]","(-48.2,1.61e+04]"
146,PSYCHOLOGY,Psychology & Social Work,393735,2584,86648,307087,0.779933204,174438,31500,24000,41000,125148,141860,48207,"(1.21e+05,1.36e+05]","(9.89e+04,1.49e+05]","(2.19e+04,5.13e+04]","(2.63e+05,3.94e+05]","(1.41e+03,2.81e+03]","(5.8e+04,1.16e+05]","(2.05e+05,3.07e+05]","(0.646,0.97]","(1.33e+05,2e+05]","(1.84e+04,4.4e+04]","(2.19e+04,5.63e+04]","(3.21e+04,4.83e+04]"
139,ELEMENTARY EDUCATION,Education,170862,1629,13029,157833,0.923745479,86540,32000,23400,38000,108085,36972,11502,"(1.06e+05,1.21e+05]","(-148,4.95e+04]","(2.19e+04,5.13e+04]","(1.31e+05,2.63e+05]","(1.41e+03,2.81e+03]","(-54.7,5.8e+04]","(1.02e+05,2.05e+05]","(0.646,0.97]","(6.67e+04,1.33e+05]","(1.84e+04,4.4e+04]","(2.19e+04,5.63e+04]","(-48.2,1.61e+04]"
94,COMMUNICATIONS,Communications & Journalism,213996,2394,476,209,0.305109489,116251,35000,27000,45000,40763,97964,27440,"(3.03e+04,4.55e+04]","(4.95e+04,9.89e+04]","(2.19e+04,5.13e+04]","(1.31e+05,2.63e+05]","(1.41e+03,2.81e+03]","(-54.7,5.8e+04]","(-307,1.02e+05]","(-0.000969,0.323]","(6.67e+04,1.33e+05]","(1.84e+04,4.4e+04]","(2.19e+04,5.63e+04]","(1.61e+04,3.21e+04]"
138,ENGLISH LANGUAGE AND LITERATURE,Humanities & Liberal Arts,194673,1436,4897,2519,0.339670982,81180,32000,23000,41000,57690,71827,26503,"(4.55e+04,6.07e+04]","(4.95e+04,9.89e+04]","(2.19e+04,5.13e+04]","(1.31e+05,2.63e+05]","(1.41e+03,2.81e+03]","(-54.7,5.8e+04]","(-307,1.02e+05]","(0.323,0.646]","(6.67e+04,1.33e+05]","(1.84e+04,4.4e+04]","(2.19e+04,5.63e+04]","(1.61e+04,3.21e+04]"
79,POLITICAL SCIENCE AND GOVERNMENT,Social Science,182621,1387,93880,88741,0.485929877,83236,38000,28000,50000,36854,66947,19803,"(3.03e+04,4.55e+04]","(4.95e+04,9.89e+04]","(2.19e+04,5.13e+04]","(1.31e+05,2.63e+05]","(-2.21,1.41e+03]","(5.8e+04,1.16e+05]","(-307,1.02e+05]","(0.323,0.646]","(6.67e+04,1.33e+05]","(1.84e+04,4.4e+04]","(2.19e+04,5.63e+04]","(1.61e+04,3.21e+04]"
9,MECHANICAL ENGINEERING,Engineering,91227,1029,12953,2105,0.139792801,54639,60000,48000,70000,52844,16384,3253,"(4.55e+04,6.07e+04]","(-148,4.95e+04]","(5.13e+04,8.07e+04]","(-270,1.31e+05]","(-2.21,1.41e+03]","(-54.7,5.8e+04]","(-307,1.02e+05]","(-0.000969,0.323]","(-88.8,6.67e+04]","(4.4e+04,6.95e+04]","(5.63e+04,9.07e+04]","(-48.2,1.61e+04]"
42,MATHEMATICS,Computers & Mathematics,72397,541,9005,2908,0.244103081,33738,45000,33000,60000,34800,14829,4569,"(3.03e+04,4.55e+04]","(-148,4.95e+04]","(2.19e+04,5.13e+04]","(-270,1.31e+05]","(-2.21,1.41e+03]","(-54.7,5.8e+04]","(-307,1.02e+05]","(-0.000969,0.323]","(-88.8,6.67e+04]","(1.84e+04,4.4e+04]","(5.63e+04,9.07e+04]","(-48.2,1.61e+04]"
35,NURSING,Health,209394,2554,21773,187621,0.896018988,122817,48000,39000,58000,151643,26146,6193,"(1.36e+05,1.52e+05]","(-148,4.95e+04]","(2.19e+04,5.13e+04]","(1.31e+05,2.63e+05]","(1.41e+03,2.81e+03]","(-54.7,5.8e+04]","(1.02e+05,2.05e+05]","(0.646,0.97]","(6.67e+04,1.33e+05]","(1.84e+04,4.4e+04]","(5.63e+04,9.07e+04]","(-48.2,1.61e+04]"
124,BIOLOGY,Biology & Life Science,280709,1370,111762,168947,0.601858152,100336,33400,24000,45000,88232,81109,28339,"(7.58e+04,9.1e+04]","(4.95e+04,9.89e+04]","(2.19e+04,5.13e+04]","(2.63e+05,3.94e+05]","(-2.21,1.41e+03]","(5.8e+04,1.16e+05]","(1.02e+05,2.05e+05]","(0.323,0.646]","(6.67e+04,1.33e+05]","(1.84e+04,4.4e+04]","(2.19e+04,5.63e+04]","(1.61e+04,3.21e+04]"
114,GENERAL EDUCATION,Education,143718,919,26893,116825,0.812876606,73531,34000,26000,41000,82007,31112,11443,"(7.58e+04,9.1e+04]","(-148,4.95e+04]","(2.19e+04,5.13e+04]","(1.31e+05,2.63e+05]","(-2.21,1.41e+03]","(-54.7,5.8e+04]","(1.02e+05,2.05e+05]","(0.646,0.97]","(6.67e+04,1.33e+05]","(1.84e+04,4.4e+04]","(2.19e+04,5.63e+04]","(-48.2,1.61e+04]"
21,COMPUTER SCIENCE,Computers & Mathematics,128319,1196,1837,2524,0.578766338,70932,53000,39000,70000,68622,25667,5144,"(6.07e+04,7.58e+04]","(-148,4.95e+04]","(5.13e+04,8.07e+04]","(-270,1.31e+05]","(-2.21,1.41e+03]","(-54.7,5.8e+04]","(-307,1.02e+05]","(0.323,0.646]","(6.67e+04,1.33e+05]","(1.84e+04,4.4e+04]","(5.63e+04,9.07e+04]","(-48.2,1.61e+04]"
146,PSYCHOLOGY,Psychology & Social Work,393735,2584,86648,307087,0.779933204,174438,31500,24000,41000,125148,141860,48207,"(1.21e+05,1.36e+05]","(9.89e+04,1.49e+05]","(2.19e+04,5.13e+04]","(2.63e+05,3.94e+05]","(1.41e+03,2.81e+03]","(5.8e+04,1.16e+05]","(2.05e+05,3.07e+05]","(0.646,0.97]","(1.33e+05,2e+05]","(1.84e+04,4.4e+04]","(2.19e+04,5.63e+04]","(3.21e+04,4.83e+04]"
139,ELEMENTARY EDUCATION,Education,170862,1629,13029,157833,0.923745479,86540,32000,23400,38000,108085,36972,11502,"(1.06e+05,1.21e+05]","(-148,4.95e+04]","(2.19e+04,5.13e+04]","(1.31e+05,2.63e+05]","(1.41e+03,2.81e+03]","(-54.7,5.8e+04]","(1.02e+05,2.05e+05]","(0.646,0.97]","(6.67e+04,1.33e+05]","(1.84e+04,4.4e+04]","(2.19e+04,5.63e+04]","(-48.2,1.61e+04]"
94,COMMUNICATIONS,Communications & Journalism,213996,2394,476,209,0.305109489,116251,35000,27000,45000,40763,97964,27440,"(3.03e+04,4.55e+04]","(4.95e+04,9.89e+04]","(2.19e+04,5.13e+04]","(1.31e+05,2.63e+05]","(1.41e+03,2.81e+03]","(-54.7,5.8e+04]","(-307,1.02e+05]","(-0.000969,0.323]","(6.67e+04,1.33e+05]","(1.84e+04,4.4e+04]","(2.19e+04,5.63e+04]","(1.61e+04,3.21e+04]"
138,ENGLISH LANGUAGE AND LITERATURE,Humanities & Liberal Arts,194673,1436,4897,2519,0.339670982,81180,32000,23000,41000,57690,71827,26503,"(4.55e+04,6.07e+04]","(4.95e+04,9.89e+04]","(2.19e+04,5.13e+04]","(1.31e+05,2.63e+05]","(1.41e+03,2.81e+03]","(-54.7,5.8e+04]","(-307,1.02e+05]","(0.323,0.646]","(6.67e+04,1.33e+05]","(1.84e+04,4.4e+04]","(2.19e+04,5.63e+04]","(1.61e+04,3.21e+04]"
79,POLITICAL SCIENCE AND GOVERNMENT,Social Science,182621,1387,93880,88741,0.485929877,83236,38000,28000,50000,36854,66947,19803,"(3.03e+04,4.55e+04]","(4.95e+04,9.89e+04]","(2.19e+04,5.13e+04]","(1.31e+05,2.63e+05]","(-2.21,1.41e+03]","(5.8e+04,1.16e+05]","(-307,1.02e+05]","(0.323,0.646]","(6.67e+04,1.33e+05]","(1.84e+04,4.4e+04]","(2.19e+04,5.63e+04]","(1.61e+04,3.21e+04]"
9,MECHANICAL ENGINEERING,Engineering,91227,1029,12953,2105,0.139792801,54639,60000,48000,70000,52844,16384,3253,"(4.55e+04,6.07e+04]","(-148,4.95e+04]","(5.13e+04,8.07e+04]","(-270,1.31e+05]","(-2.21,1.41e+03]","(-54.7,5.8e+04]","(-307,1.02e+05]","(-0.000969,0.323]","(-88.8,6.67e+04]","(4.4e+04,6.95e+04]","(5.63e+04,9.07e+04]","(-48.2,1.61e+04]"
42,MATHEMATICS,Computers & Mathematics,72397,541,9005,2908,0.244103081,33738,45000,33000,60000,34800,14829,4569,"(3.03e+04,4.55e+04]","(-148,4.95e+04]","(2.19e+04,5.13e+04]","(-270,1.31e+05]","(-2.21,1.41e+03]","(-54.7,5.8e+04]","(-307,1.02e+05]","(-0.000969,0.323]","(-88.8,6.67e+04]","(1.84e+04,4.4e+04]","(5.63e+04,9.07e+04]","(-48.2,1.61e+04]"
35,NURSING,Health,209394,2554,21773,187621,0.896018988,122817,48000,39000,58000,151643,26146,6193,"(1.36e+05,1.52e+05]","(-148,4.95e+04]","(2.19e+04,5.13e+04]","(1.31e+05,2.63e+05]","(1.41e+03,2.81e+03]","(-54.7,5.8e+04]","(1.02e+05,2.05e+05]","(0.646,0.97]","(6.67e+04,1.33e+05]","(1.84e+04,4.4e+04]","(5.63e+04,9.07e+04]","(-48.2,1.61e+04]"
124,BIOLOGY,Biology & Life Science,280709,1370,111762,168947,0.601858152,100336,33400,24000,45000,88232,81109,28339,"(7.58e+04,9.1e+04]","(4.95e+04,9.89e+04]","(2.19e+04,5.13e+04]","(2.63e+05,3.94e+05]","(-2.21,1.41e+03]","(5.8e+04,1.16e+05]","(1.02e+05,2.05e+05]","(0.323,0.646]","(6.67e+04,1.33e+05]","(1.84e+04,4.4e+04]","(2.19e+04,5.63e+04]","(1.61e+04,3.21e+04]"
114,GENERAL EDUCATION,Education,143718,919,26893,116825,0.812876606,73531,34000,26000,41000,82007,31112,11443,"(7.58e+04,9.1e+04]","(-148,4.95e+04]","(2.19e+04,5.13e+04]","(1.31e+05,2.63e+05]","(-2.21,1.41e+03]","(-54.7,5.8e+04]","(1.02e+05,2.05e+05]","(0.646,0.97]","(6.67e+04,1.33e+05]","(1.84e+04,4.4e+04]","(2.19e+04,5.63e+04]","(-48.2,1.61e+04]"
21,COMPUTER SCIENCE,Computers & Mathematics,128319,1196,1837,2524,0.578766338,70932,53000,39000,70000,68622,25667,5144,"(6.07e+04,7.58e+04]","(-148,4.95e+04]","(5.13e+04,8.07e+04]","(-270,1.31e+05]","(-2.21,1.41e+03]","(-54.7,5.8e+04]","(-307,1.02e+05]","(0.323,0.646]","(6.67e+04,1.33e+05]","(1.84e+04,4.4e+04]","(5.63e+04,9.07e+04]","(-48.2,1.61e+04]"
146,PSYCHOLOGY,Psychology & Social Work,393735,2584,86648,307087,0.779933204,174438,31500,24000,41000,125148,141860,48207,"(1.21e+05,1.36e+05]","(9.89e+04,1.49e+05]","(2.19e+04,5.13e+04]","(2.63e+05,3.94e+05]","(1.41e+03,2.81e+03]","(5.8e+04,1.16e+05]","(2.05e+05,3.07e+05]","(0.646,0.97]","(1.33e+05,2e+05]","(1.84e+04,4.4e+04]","(2.19e+04,5.63e+04]","(3.21e+04,4.83e+04]"
139,ELEMENTARY EDUCATION,Education,170862,1629,13029,157833,0.923745479,86540,32000,23400,38000,108085,36972,11502,"(1.06e+05,1.21e+05]","(-148,4.95e+04]","(2.19e+04,5.13e+04]","(1.31e+05,2.63e+05]","(1.41e+03,2.81e+03]","(-54.7,5.8e+04]","(1.02e+05,2.05e+05]","(0.646,0.97]","(6.67e+04,1.33e+05]","(1.84e+04,4.4e+04]","(2.19e+04,5.63e+04]","(-48.2,1.61e+04]"
94,COMMUNICATIONS,Communications & Journalism,213996,2394,476,209,0.305109489,116251,35000,27000,45000,40763,97964,27440,"(3.03e+04,4.55e+04]","(4.95e+04,9.89e+04]","(2.19e+04,5.13e+04]","(1.31e+05,2.63e+05]","(1.41e+03,2.81e+03]","(-54.7,5.8e+04]","(-307,1.02e+05]","(-0.000969,0.323]","(6.67e+04,1.33e+05]","(1.84e+04,4.4e+04]","(2.19e+04,5.63e+04]","(1.61e+04,3.21e+04]"
138,ENGLISH LANGUAGE AND LITERATURE,Humanities & Liberal Arts,194673,1436,4897,2519,0.339670982,81180,32000,23000,41000,57690,71827,26503,"(4.55e+04,6.07e+04]","(4.95e+04,9.89e+04]","(2.19e+04,5.13e+04]","(1.31e+05,2.63e+05]","(1.41e+03,2.81e+03]","(-54.7,5.8e+04]","(-307,1.02e+05]","(0.323,0.646]","(6.67e+04,1.33e+05]","(1.84e+04,4.4e+04]","(2.19e+04,5.63e+04]","(1.61e+04,3.21e+04]"
79,POLITICAL SCIENCE AND GOVERNMENT,Social Science,182621,1387,93880,88741,0.485929877,83236,38000,28000,50000,36854,66947,19803,"(3.03e+04,4.55e+04]","(4.95e+04,9.89e+04]","(2.19e+04,5.13e+04]","(1.31e+05,2.63e+05]","(-2.21,1.41e+03]","(5.8e+04,1.16e+05]","(-307,1.02e+05]","(0.323,0.646]","(6.67e+04,1.33e+05]","(1.84e+04,4.4e+04]","(2.19e+04,5.63e+04]","(1.61e+04,3.21e+04]"
9,MECHANICAL ENGINEERING,Engineering,91227,1029,12953,2105,0.139792801,54639,60000,48000,70000,52844,16384,3253,"(4.55e+04,6.07e+04]","(-148,4.95e+04]","(5.13e+04,8.07e+04]","(-270,1.31e+05]","(-2.21,1.41e+03]","(-54.7,5.8e+04]","(-307,1.02e+05]","(-0.000969,0.323]","(-88.8,6.67e+04]","(4.4e+04,6.95e+04]","(5.63e+04,9.07e+04]","(-48.2,1.61e+04]"
42,MATHEMATICS,Computers & Mathematics,72397,541,9005,2908,0.244103081,33738,45000,33000,60000,34800,14829,4569,"(3.03e+04,4.55e+04]","(-148,4.95e+04]","(2.19e+04,5.13e+04]","(-270,1.31e+05]","(-2.21,1.41e+03]","(-54.7,5.8e+04]","(-307,1.02e+05]","(-0.000969,0.323]","(-88.8,6.67e+04]","(1.84e+04,4.4e+04]","(5.63e+04,9.07e+04]","(-48.2,1.61e+04]"
35,NURSING,Health,209394,2554,21773,187621,0.896018988,122817,48000,39000,58000,151643,26146,6193,"(1.36e+05,1.52e+05]","(-148,4.95e+04]","(2.19e+04,5.13e+04]","(1.31e+05,2.63e+05]","(1.41e+03,2.81e+03]","(-54.7,5.8e+04]","(1.02e+05,2.05e+05]","(0.646,0.97]","(6.67e+04,1.33e+05]","(1.84e+04,4.4e+04]","(5.63e+04,9.07e+04]","(-48.2,1.61e+04]"
124,BIOLOGY,Biology & Life Science,280709,1370,111762,168947,0.601858152,100336,33400,24000,45000,88232,81109,28339,"(7.58e+04,9.1e+04]","(4.95e+04,9.89e+04]","(2.19e+04,5.13e+04]","(2.63e+05,3.94e+05]","(-2.21,1.41e+03]","(5.8e+04,1.16e+05]","(1.02e+05,2.05e+05]","(0.323,0.646]","(6.67e+04,1.33e+05]","(1.84e+04,4.4e+04]","(2.19e+04,5.63e+04]","(1.61e+04,3.21e+04]"
114,GENERAL EDUCATION,Education,143718,919,26893,116825,0.812876606,73531,34000,26000,41000,82007,31112,11443,"(7.58e+04,9.1e+04]","(-148,4.95e+04]","(2.19e+04,5.13e+04]","(1.31e+05,2.63e+05]","(-2.21,1.41e+03]","(-54.7,5.8e+04]","(1.02e+05,2.05e+05]","(0.646,0.97]","(6.67e+04,1.33e+05]","(1.84e+04,4.4e+04]","(2.19e+04,5.63e+04]","(-48.2,1.61e+04]"
21,COMPUTER SCIENCE,Computers & Mathematics,128319,1196,1837,2524,0.578766338,70932,53000,39000,70000,68622,25667,5144,"(6.07e+04,7.58e+04]","(-148,4.95e+04]","(5.13e+04,8.07e+04]","(-270,1.31e+05]","(-2.21,1.41e+03]","(-54.7,5.8e+04]","(-307,1.02e+05]","(0.323,0.646]","(6.67e+04,1.33e+05]","(1.84e+04,4.4e+04]","(5.63e+04,9.07e+04]","(-48.2,1.61e+04]"
146,PSYCHOLOGY,Psychology & Social Work,393735,2584,86648,307087,0.779933204,174438,31500,24000,41000,125148,141860,48207,"(1.21e+05,1.36e+05]","(9.89e+04,1.49e+05]","(2.19e+04,5.13e+04]","(2.63e+05,3.94e+05]","(1.41e+03,2.81e+03]","(5.8e+04,1.16e+05]","(2.05e+05,3.07e+05]","(0.646,0.97]","(1.33e+05,2e+05]","(1.84e+04,4.4e+04]","(2.19e+04,5.63e+04]","(3.21e+04,4.83e+04]"
139,ELEMENTARY EDUCATION,Education,170862,1629,13029,157833,0.923745479,86540,32000,23400,38000,108085,36972,11502,"(1.06e+05,1.21e+05]","(-148,4.95e+04]","(2.19e+04,5.13e+04]","(1.31e+05,2.63e+05]","(1.41e+03,2.81e+03]","(-54.7,5.8e+04]","(1.02e+05,2.05e+05]","(0.646,0.97]","(6.67e+04,1.33e+05]","(1.84e+04,4.4e+04]","(2.19e+04,5.63e+04]","(-48.2,1.61e+04]"
94,COMMUNICATIONS,Communications & Journalism,213996,2394,476,209,0.305109489,116251,35000,27000,45000,40763,97964,27440,"(3.03e+04,4.55e+04]","(4.95e+04,9.89e+04]","(2.19e+04,5.13e+04]","(1.31e+05,2.63e+05]","(1.41e+03,2.81e+03]","(-54.7,5.8e+04]","(-307,1.02e+05]","(-0.000969,0.323]","(6.67e+04,1.33e+05]","(1.84e+04,4.4e+04]","(2.19e+04,5.63e+04]","(1.61e+04,3.21e+04]"
138,ENGLISH LANGUAGE AND LITERATURE,Humanities & Liberal Arts,194673,1436,4897,2519,0.339670982,81180,32000,23000,41000,57690,71827,26503,"(4.55e+04,6.07e+04]","(4.95e+04,9.89e+04]","(2.19e+04,5.13e+04]","(1.31e+05,2.63e+05]","(1.41e+03,2.81e+03]","(-54.7,5.8e+04]","(-307,1.02e+05]","(0.323,0.646]","(6.67e+04,1.33e+05]","(1.84e+04,4.4e+04]","(2.19e+04,5.63e+04]","(1.61e+04,3.21e+04]"
79,POLITICAL SCIENCE AND GOVERNMENT,Social Science,182621,1387,93880,88741,0.485929877,83236,38000,28000,50000,36854,66947,19803,"(3.03e+04,4.55e+04]","(4.95e+04,9.89e+04]","(2.19e+04,5.13e+04]","(1.31e+05,2.63e+05]","(-2.21,1.41e+03]","(5.8e+04,1.16e+05]","(-307,1.02e+05]","(0.323,0.646]","(6.67e+04,1.33e+05]","(1.84e+04,4.4e+04]","(2.19e+04,5.63e+04]","(1.61e+04,3.21e+04]"
9,MECHANICAL ENGINEERING,Engineering,91227,1029,12953,2105,0.139792801,54639,60000,48000,70000,52844,16384,3253,"(4.55e+04,6.07e+04]","(-148,4.95e+04]","(5.13e+04,8.07e+04]","(-270,1.31e+05]","(-2.21,1.41e+03]","(-54.7,5.8e+04]","(-307,1.02e+05]","(-0.000969,0.323]","(-88.8,6.67e+04]","(4.4e+04,6.95e+04]","(5.63e+04,9.07e+04]","(-48.2,1.61e+04]"
42,MATHEMATICS,Computers & Mathematics,72397,541,9005,2908,0.244103081,33738,45000,33000,60000,34800,14829,4569,"(3.03e+04,4.55e+04]","(-148,4.95e+04]","(2.19e+04,5.13e+04]","(-270,1.31e+05]","(-2.21,1.41e+03]","(-54.7,5.8e+04]","(-307,1.02e+05]","(-0.000969,0.323]","(-88.8,6.67e+04]","(1.84e+04,4.4e+04]","(5.63e+04,9.07e+04]","(-48.2,1.61e+04]"
35,NURSING,Health,209394,2554,21773,187621,0.896018988,122817,48000,39000,58000,151643,26146,6193,"(1.36e+05,1.52e+05]","(-148,4.95e+04]","(2.19e+04,5.13e+04]","(1.31e+05,2.63e+05]","(1.41e+03,2.81e+03]","(-54.7,5.8e+04]","(1.02e+05,2.05e+05]","(0.646,0.97]","(6.67e+04,1.33e+05]","(1.84e+04,4.4e+04]","(5.63e+04,9.07e+04]","(-48.2,1.61e+04]"
124,BIOLOGY,Biology & Life Science,280709,1370,111762,168947,0.601858152,100336,33400,24000,45000,88232,81109,28339,"(7.58e+04,9.1e+04]","(4.95e+04,9.89e+04]","(2.19e+04,5.13e+04]","(2.63e+05,3.94e+05]","(-2.21,1.41e+03]","(5.8e+04,1.16e+05]","(1.02e+05,2.05e+05]","(0.323,0.646]","(6.67e+04,1.33e+05]","(1.84e+04,4.4e+04]","(2.19e+04,5.63e+04]","(1.61e+04,3.21e+04]"
114,GENERAL EDUCATION,Education,143718,919,26893,116825,0.812876606,73531,34000,26000,41000,82007,31112,11443,"(7.58e+04,9.1e+04]","(-148,4.95e+04]","(2.19e+04,5.13e+04]","(1.31e+05,2.63e+05]","(-2.21,1.41e+03]","(-54.7,5.8e+04]","(1.02e+05,2.05e+05]","(0.646,0.97]","(6.67e+04,1.33e+05]","(1.84e+04,4.4e+04]","(2.19e+04,5.63e+04]","(-48.2,1.61e+04]"
21,COMPUTER SCIENCE,Computers & Mathematics,128319,1196,1837,2524,0.578766338,70932,53000,39000,70000,68622,25667,5144,"(6.07e+04,7.58e+04]","(-148,4.95e+04]","(5.13e+04,8.07e+04]","(-270,1.31e+05]","(-2.21,1.41e+03]","(-54.7,5.8e+04]","(-307,1.02e+05]","(0.323,0.646]","(6.67e+04,1.33e+05]","(1.84e+04,4.4e+04]","(5.63e+04,9.07e+04]","(-48.2,1.61e+04]"
146,PSYCHOLOGY,Psychology & Social Work,393735,2584,86648,307087,0.779933204,174438,31500,24000,41000,125148,141860,48207,"(1.21e+05,1.36e+05]","(9.89e+04,1.49e+05]","(2.19e+04,5.13e+04]","(2.63e+05,3.94e+05]","(1.41e+03,2.81e+03]","(5.8e+04,1.16e+05]","(2.05e+05,3.07e+05]","(0.646,0.97]","(1.33e+05,2e+05]","(1.84e+04,4.4e+04]","(2.19e+04,5.63e+04]","(3.21e+04,4.83e+04]"
139,ELEMENTARY EDUCATION,Education,170862,1629,13029,157833,0.923745479,86540,32000,23400,38000,108085,36972,11502,"(1.06e+05,1.21e+05]","(-148,4.95e+04]","(2.19e+04,5.13e+04]","(1.31e+05,2.63e+05]","(1.41e+03,2.81e+03]","(-54.7,5.8e+04]","(1.02e+05,2.05e+05]","(0.646,0.97]","(6.67e+04,1.33e+05]","(1.84e+04,4.4e+04]","(2.19e+04,5.63e+04]","(-48.2,1.61e+04]"
94,COMMUNICATIONS,Communications & Journalism,213996,2394,476,209,0.305109489,116251,35000,27000,45000,40763,97964,27440,"(3.03e+04,4.55e+04]","(4.95e+04,9.89e+04]","(2.19e+04,5.13e+04]","(1.31e+05,2.63e+05]","(1.41e+03,2.81e+03]","(-54.7,5.8e+04]","(-307,1.02e+05]","(-0.000969,0.323]","(6.67e+04,1.33e+05]","(1.84e+04,4.4e+04]","(2.19e+04,5.63e+04]","(1.61e+04,3.21e+04]"
138,ENGLISH LANGUAGE AND LITERATURE,Humanities & Liberal Arts,194673,1436,4897,2519,0.339670982,81180,32000,23000,41000,57690,71827,26503,"(4.55e+04,6.07e+04]","(4.95e+04,9.89e+04]","(2.19e+04,5.13e+04]","(1.31e+05,2.63e+05]","(1.41e+03,2.81e+03]","(-54.7,5.8e+04]","(-307,1.02e+05]","(0.323,0.646]","(6.67e+04,1.33e+05]","(1.84e+04,4.4e+04]","(2.19e+04,5.63e+04]","(1.61e+04,3.21e+04]"
79,POLITICAL SCIENCE AND GOVERNMENT,Social Science,182621,1387,93880,88741,0.485929877,83236,38000,28000,50000,36854,66947,19803,"(3.03e+04,4.55e+04]","(4.95e+04,9.89e+04]","(2.19e+04,5.13e+04]","(1.31e+05,2.63e+05]","(-2.21,1.41e+03]","(5.8e+04,1.16e+05]","(-307,1.02e+05]","(0.323,0.646]","(6.67e+04,1.33e+05]","(1.84e+04,4.4e+04]","(2.19e+04,5.63e+04]","(1.61e+04,3.21e+04]"
9,MECHANICAL ENGINEERING,Engineering,91227,1029,12953,2105,0.139792801,54639,60000,48000,70000,52844,16384,3253,"(4.55e+04,6.07e+04]","(-148,4.95e+04]","(5.13e+04,8.07e+04]","(-270,1.31e+05]","(-2.21,1.41e+03]","(-54.7,5.8e+04]","(-307,1.02e+05]","(-0.000969,0.323]","(-88.8,6.67e+04]","(4.4e+04,6.95e+04]","(5.63e+04,9.07e+04]","(-48.2,1.61e+04]"
42,MATHEMATICS,Computers & Mathematics,72397,541,9005,2908,0.244103081,33738,45000,33000,60000,34800,14829,4569,"(3.03e+04,4.55e+04]","(-148,4.95e+04]","(2.19e+04,5.13e+04]","(-270,1.31e+05]","(-2.21,1.41e+03]","(-54.7,5.8e+04]","(-307,1.02e+05]","(-0.000969,0.323]","(-88.8,6.67e+04]","(1.84e+04,4.4e+04]","(5.63e+04,9.07e+04]","(-48.2,1.61e+04]"
151,FAMILY AND CONSUMER SCIENCES,Industrial Arts & Consumer Services,58001,518,5347,16226,0.752143884,26906,30000,22900,40000,20985,20133,5248,"(1.52e+04,3.03e+04]","(-148,4.95e+04]","(2.19e+04,5.13e+04]","(-270,1.31e+05]","(-2.21,1.41e+03]","(-54.7,5.8e+04]","(-307,1.02e+05]","(0.646,0.97]","(-88.8,6.67e+04]","(1.84e+04,4.4e+04]","(2.19e+04,5.63e+04]","(-48.2,1.61e+04]"
11,COMPUTER ENGINEERING,Engineering,41542,399,33258,8284,0.199412643,23621,60000,45000,75000,23694,5721,980,"(1.52e+04,3.03e+04]","(-148,4.95e+04]","(5.13e+04,8.07e+04]","(-270,1.31e+05]","(-2.21,1.41e+03]","(-54.7,5.8e+04]","(-307,1.02e+05]","(-0.000969,0.323]","(-88.8,6.67e+04]","(4.4e+04,6.95e+04]","(5.63e+04,9.07e+04]","(-48.2,1.61e+04]"
125,SOCIOLOGY,Social Science,115433,1024,24704,28120,0.532333788,56561,33000,25000,44000,29051,48899,13748,"(1.52e+04,3.03e+04]","(-148,4.95e+04]","(2.19e+04,5.13e+04]","(-270,1.31e+05]","(-2.21,1.41e+03]","(-54.7,5.8e+04]","(-307,1.02e+05]","(0.323,0.646]","(-88.8,6.67e+04]","(1.84e+04,4.4e+04]","(2.19e+04,5.63e+04]","(-48.2,1.61e+04]"
97,JOURNALISM,Communications & Journalism,72619,843,8739,22456,0.719858952,39524,35000,26000,42900,23279,26672,8512,"(1.52e+04,3.03e+04]","(-148,4.95e+04]","(2.19e+04,5.13e+04]","(-270,1.31e+05]","(-2.21,1.41e+03]","(-54.7,5.8e+04]","(-307,1.02e+05]","(0.646,0.97]","(-88.8,6.67e+04]","(1.84e+04,4.4e+04]","(2.19e+04,5.63e+04]","(-48.2,1.61e+04]"
150,FINE ARTS,Arts,74440,623,24786,49654,0.667033853,31877,30500,21000,41000,20792,32725,11880,"(1.52e+04,3.03e+04]","(-148,4.95e+04]","(2.19e+04,5.13e+04]","(-270,1.31e+05]","(-2.21,1.41e+03]","(-54.7,5.8e+04]","(-307,1.02e+05]","(0.646,0.97]","(-88.8,6.67e+04]","(1.84e+04,4.4e+04]","(2.19e+04,5.63e+04]","(-48.2,1.61e+04]"
129,LANGUAGE AND DRAMA EDUCATION,Education,30471,235,3878,5276,0.576360061,15266,33000,24000,40000,17985,6824,2819,"(1.52e+04,3.03e+04]","(-148,4.95e+04]","(2.19e+04,5.13e+04]","(-270,1.31e+05]","(-2.21,1.41e+03]","(-54.7,5.8e+04]","(-307,1.02e+05]","(0.323,0.646]","(-88.8,6.67e+04]","(1.84e+04,4.4e+04]","(2.19e+04,5.63e+04]","(-48.2,1.61e+04]"
164,COMMUNICATION DISORDERS SCIENCES AND SERVICES,Health,38279,95,11376,27468,0.707136237,14460,28000,20000,40000,19957,9404,5125,"(1.52e+04,3.03e+04]","(-148,4.95e+04]","(2.19e+04,5.13e+04]","(-270,1.31e+05]","(-2.21,1.41e+03]","(-54.7,5.8e+04]","(-307,1.02e+05]","(0.646,0.97]","(-88.8,6.67e+04]","(1.84e+04,4.4e+04]","(2.19e+04,5.63e+04]","(-48.2,1.61e+04]"
83,BIOCHEMICAL SCIENCES,Biology & Life Science,39107,174,18951,20156,0.515406449,13785,37400,29000,50000,15654,8394,3012,"(1.52e+04,3.03e+04]","(-148,4.95e+04]","(2.19e+04,5.13e+04]","(-270,1.31e+05]","(-2.21,1.41e+03]","(-54.7,5.8e+04]","(-307,1.02e+05]","(0.323,0.646]","(-88.8,6.67e+04]","(1.84e+04,4.4e+04]","(2.19e+04,5.63e+04]","(-48.2,1.61e+04]"
141,LIBERAL ARTS,Humanities & Liberal Arts,71369,569,58227,136446,0.70089843,33438,32000,25000,42000,18565,28558,9030,"(1.52e+04,3.03e+04]","(-148,4.95e+04]","(2.19e+04,5.13e+04]","(-270,1.31e+05]","(-2.21,1.41e+03]","(5.8e+04,1.16e+05]","(1.02e+05,2.05e+05]","(0.646,0.97]","(-88.8,6.67e+04]","(1.84e+04,4.4e+04]","(2.19e+04,5.63e+04]","(-48.2,1.61e+04]"
58,GENERAL BUSINESS,Business,234590,2380,6053,4346,0.4179248,138299,40000,30000,55000,29334,100831,27320,"(1.52e+04,3.03e+04]","(9.89e+04,1.49e+05]","(2.19e+04,5.13e+04]","(1.31e+05,2.63e+05]","(1.41e+03,2.81e+03]","(-54.7,5.8e+04]","(-307,1.02e+05]","(0.323,0.646]","(1.33e+05,2e+05]","(1.84e+04,4.4e+04]","(2.19e+04,5.63e+04]","(1.61e+04,3.21e+04]"
140,PHYSICAL FITNESS PARKS RECREATION AND LEISURE,Industrial Arts & Consumer Services,125074,1014,2049,4434,0.683942619,57978,32000,24000,43000,27581,63946,16838,"(1.52e+04,3.03e+04]","(4.95e+04,9.89e+04]","(2.19e+04,5.13e+04]","(-270,1.31e+05]","(-2.21,1.41e+03]","(-54.7,5.8e+04]","(-307,1.02e+05]","(0.646,0.97]","(-88.8,6.67e+04]","(1.84e+04,4.4e+04]","(2.19e+04,5.63e+04]","(1.61e+04,3.21e+04]"
37,ECONOMICS,Social Science,139247,1322,115030,59476,0.340824957,70740,47000,35000,65000,25582,37057,10653,"(1.52e+04,3.03e+04]","(-148,4.95e+04]","(2.19e+04,5.13e+04]","(1.31e+05,2.63e+05]","(-2.21,1.41e+03]","(5.8e+04,1.16e+05]","(-307,1.02e+05]","(0.323,0.646]","(6.67e+04,1.33e+05]","(1.84e+04,4.4e+04]","(5.63e+04,9.07e+04]","(-48.2,1.61e+04]"
78,MARKETING AND MARKETING RESEARCH,Business,205211,2684,11404,7076,0.382900433,127230,38000,30000,50000,25320,93889,27968,"(1.52e+04,3.03e+04]","(4.95e+04,9.89e+04]","(2.19e+04,5.13e+04]","(1.31e+05,2.63e+05]","(1.41e+03,2.81e+03]","(-54.7,5.8e+04]","(-307,1.02e+05]","(0.323,0.646]","(6.67e+04,1.33e+05]","(1.84e+04,4.4e+04]","(2.19e+04,5.63e+04]","(1.61e+04,3.21e+04]"
137,ART AND MUSIC EDUCATION,Education,34181,338,10732,23449,0.6860244,16537,32100,25000,40000,20821,8260,2767,"(1.52e+04,3.03e+04]","(-148,4.95e+04]","(2.19e+04,5.13e+04]","(-270,1.31e+05]","(-2.21,1.41e+03]","(-54.7,5.8e+04]","(-307,1.02e+05]","(0.646,0.97]","(-88.8,6.67e+04]","(1.84e+04,4.4e+04]","(2.19e+04,5.63e+04]","(-48.2,1.61e+04]"
98,MULTI-DISCIPLINARY OR GENERAL SCIENCE,Physical Sciences,62052,427,70619,143377,0.669998505,28966,35000,24000,50000,17923,22039,5751,"(1.52e+04,3.03e+04]","(-148,4.95e+04]","(2.19e+04,5.13e+04]","(-270,1.31e+05]","(-2.21,1.41e+03]","(5.8e+04,1.16e+05]","(1.02e+05,2.05e+05]","(0.646,0.97]","(-88.8,6.67e+04]","(1.84e+04,4.4e+04]","(2.19e+04,5.63e+04]","(-48.2,1.61e+04]"
36,FINANCE,Business,174506,2189,89749,49498,0.355469059,108595,47000,35000,64000,24243,48447,9910,"(1.52e+04,3.03e+04]","(-148,4.95e+04]","(2.19e+04,5.13e+04]","(1.31e+05,2.63e+05]","(1.41e+03,2.81e+03]","(5.8e+04,1.16e+05]","(-307,1.02e+05]","(0.323,0.646]","(6.67e+04,1.33e+05]","(1.84e+04,4.4e+04]","(5.63e+04,9.07e+04]","(-48.2,1.61e+04]"
5,CHEMICAL ENGINEERING,Engineering,32260,289,21239,11021,0.341630502,16697,65000,50000,75000,18314,4440,972,"(1.52e+04,3.03e+04]","(-148,4.95e+04]","(5.13e+04,8.07e+04]","(-270,1.31e+05]","(-2.21,1.41e+03]","(-54.7,5.8e+04]","(-307,1.02e+05]","(0.323,0.646]","(-88.8,6.67e+04]","(4.4e+04,6.95e+04]","(5.63e+04,9.07e+04]","(-48.2,1.61e+04]"
59,ARCHITECTURE,Engineering,46420,362,9658,4582,0.321769663,20026,40000,31000,50000,16178,13724,4221,"(1.52e+04,3.03e+04]","(-148,4.95e+04]","(2.19e+04,5.13e+04]","(-270,1.31e+05]","(-2.21,1.41e+03]","(-54.7,5.8e+04]","(-307,1.02e+05]","(-0.000969,0.323]","(-88.8,6.67e+04]","(1.84e+04,4.4e+04]","(2.19e+04,5.63e+04]","(-48.2,1.61e+04]"
95,CRIMINAL JUSTICE AND FIRE PROTECTION,Law & Public Policy,152824,1728,3156,451,0.125034655,88548,35000,26000,45000,24348,88858,18404,"(1.52e+04,3.03e+04]","(4.95e+04,9.89e+04]","(2.19e+04,5.13e+04]","(1.31e+05,2.63e+05]","(1.41e+03,2.81e+03]","(-54.7,5.8e+04]","(-307,1.02e+05]","(-0.000969,0.323]","(6.67e+04,1.33e+05]","(1.84e+04,4.4e+04]","(2.19e+04,5.63e+04]","(1.61e+04,3.21e+04]"
35,NURSING,Health,209394,2554,21773,187621,0.896018988,122817,48000,39000,58000,151643,26146,6193,"(1.36e+05,1.52e+05]","(-148,4.95e+04]","(2.19e+04,5.13e+04]","(1.31e+05,2.63e+05]","(1.41e+03,2.81e+03]","(-54.7,5.8e+04]","(1.02e+05,2.05e+05]","(0.646,0.97]","(6.67e+04,1.33e+05]","(1.84e+04,4.4e+04]","(5.63e+04,9.07e+04]","(-48.2,1.61e+04]"
124,BIOLOGY,Biology & Life Science,280709,1370,111762,168947,0.601858152,100336,33400,24000,45000,88232,81109,28339,"(7.58e+04,9.1e+04]","(4.95e+04,9.89e+04]","(2.19e+04,5.13e+04]","(2.63e+05,3.94e+05]","(-2.21,1.41e+03]","(5.8e+04,1.16e+05]","(1.02e+05,2.05e+05]","(0.323,0.646]","(6.67e+04,1.33e+05]","(1.84e+04,4.4e+04]","(2.19e+04,5.63e+04]","(1.61e+04,3.21e+04]"
114,GENERAL EDUCATION,Education,143718,919,26893,116825,0.812876606,73531,34000,26000,41000,82007,31112,11443,"(7.58e+04,9.1e+04]","(-148,4.95e+04]","(2.19e+04,5.13e+04]","(1.31e+05,2.63e+05]","(-2.21,1.41e+03]","(-54.7,5.8e+04]","(1.02e+05,2.05e+05]","(0.646,0.97]","(6.67e+04,1.33e+05]","(1.84e+04,4.4e+04]","(2.19e+04,5.63e+04]","(-48.2,1.61e+04]"
21,COMPUTER SCIENCE,Computers & Mathematics,128319,1196,1837,2524,0.578766338,70932,53000,39000,70000,68622,25667,5144,"(6.07e+04,7.58e+04]","(-148,4.95e+04]","(5.13e+04,8.07e+04]","(-270,1.31e+05]","(-2.21,1.41e+03]","(-54.7,5.8e+04]","(-307,1.02e+05]","(0.323,0.646]","(6.67e+04,1.33e+05]","(1.84e+04,4.4e+04]","(5.63e+04,9.07e+04]","(-48.2,1.61e+04]"
146,PSYCHOLOGY,Psychology & Social Work,393735,2584,86648,307087,0.779933204,174438,31500,24000,41000,125148,141860,48207,"(1.21e+05,1.36e+05]","(9.89e+04,1.49e+05]","(2.19e+04,5.13e+04]","(2.63e+05,3.94e+05]","(1.41e+03,2.81e+03]","(5.8e+04,1.16e+05]","(2.05e+05,3.07e+05]","(0.646,0.97]","(1.33e+05,2e+05]","(1.84e+04,4.4e+04]","(2.19e+04,5.63e+04]","(3.21e+04,4.83e+04]"
139,ELEMENTARY EDUCATION,Education,170862,1629,13029,157833,0.923745479,86540,32000,23400,38000,108085,36972,11502,"(1.06e+05,1.21e+05]","(-148,4.95e+04]","(2.19e+04,5.13e+04]","(1.31e+05,2.63e+05]","(1.41e+03,2.81e+03]","(-54.7,5.8e+04]","(1.02e+05,2.05e+05]","(0.646,0.97]","(6.67e+04,1.33e+05]","(1.84e+04,4.4e+04]","(2.19e+04,5.63e+04]","(-48.2,1.61e+04]"
94,COMMUNICATIONS,Communications & Journalism,213996,2394,476,209,0.305109489,116251,35000,27000,45000,40763,97964,27440,"(3.03e+04,4.55e+04]","(4.95e+04,9.89e+04]","(2.19e+04,5.13e+04]","(1.31e+05,2.63e+05]","(1.41e+03,2.81e+03]","(-54.7,5.8e+04]","(-307,1.02e+05]","(-0.000969,0.323]","(6.67e+04,1.33e+05]","(1.84e+04,4.4e+04]","(2.19e+04,5.63e+04]","(1.61e+04,3.21e+04]"
138,ENGLISH LANGUAGE AND LITERATURE,Humanities & Liberal Arts,194673,1436,4897,2519,0.339670982,81180,32000,23000,41000,57690,71827,26503,"(4.55e+04,6.07e+04]","(4.95e+04,9.89e+04]","(2.19e+04,5.13e+04]","(1.31e+05,2.63e+05]","(1.41e+03,2.81e+03]","(-54.7,5.8e+04]","(-307,1.02e+05]","(0.323,0.646]","(6.67e+04,1.33e+05]","(1.84e+04,4.4e+04]","(2.19e+04,5.63e+04]","(1.61e+04,3.21e+04]"
79,POLITICAL SCIENCE AND GOVERNMENT,Social Science,182621,1387,93880,88741,0.485929877,83236,38000,28000,50000,36854,66947,19803,"(3.03e+04,4.55e+04]","(4.95e+04,9.89e+04]","(2.19e+04,5.13e+04]","(1.31e+05,2.63e+05]","(-2.21,1.41e+03]","(5.8e+04,1.16e+05]","(-307,1.02e+05]","(0.323,0.646]","(6.67e+04,1.33e+05]","(1.84e+04,4.4e+04]","(2.19e+04,5.63e+04]","(1.61e+04,3.21e+04]"
9,MECHANICAL ENGINEERING,Engineering,91227,1029,12953,2105,0.139792801,54639,60000,48000,70000,52844,16384,3253,"(4.55e+04,6.07e+04]","(-148,4.95e+04]","(5.13e+04,8.07e+04]","(-270,1.31e+05]","(-2.21,1.41e+03]","(-54.7,5.8e+04]","(-307,1.02e+05]","(-0.000969,0.323]","(-88.8,6.67e+04]","(4.4e+04,6.95e+04]","(5.63e+04,9.07e+04]","(-48.2,1.61e+04]"
42,MATHEMATICS,Computers & Mathematics,72397,541,9005,2908,0.244103081,33738,45000,33000,60000,34800,14829,4569,"(3.03e+04,4.55e+04]","(-148,4.95e+04]","(2.19e+04,5.13e+04]","(-270,1.31e+05]","(-2.21,1.41e+03]","(-54.7,5.8e+04]","(-307,1.02e+05]","(-0.000969,0.323]","(-88.8,6.67e+04]","(1.84e+04,4.4e+04]","(5.63e+04,9.07e+04]","(-48.2,1.61e+04]"
35,NURSING,Health,209394,2554,21773,187621,0.896018988,122817,48000,39000,58000,151643,26146,6193,"(1.36e+05,1.52e+05]","(-148,4.95e+04]","(2.19e+04,5.13e+04]","(1.31e+05,2.63e+05]","(1.41e+03,2.81e+03]","(-54.7,5.8e+04]","(1.02e+05,2.05e+05]","(0.646,0.97]","(6.67e+04,1.33e+05]","(1.84e+04,4.4e+04]","(5.63e+04,9.07e+04]","(-48.2,1.61e+04]"
124,BIOLOGY,Biology & Life Science,280709,1370,111762,168947,0.601858152,100336,33400,24000,45000,88232,81109,28339,"(7.58e+04,9.1e+04]","(4.95e+04,9.89e+04]","(2.19e+04,5.13e+04]","(2.63e+05,3.94e+05]","(-2.21,1.41e+03]","(5.8e+04,1.16e+05]","(1.02e+05,2.05e+05]","(0.323,0.646]","(6.67e+04,1.33e+05]","(1.84e+04,4.4e+04]","(2.19e+04,5.63e+04]","(1.61e+04,3.21e+04]"
114,GENERAL EDUCATION,Education,143718,919,26893,116825,0.812876606,73531,34000,26000,41000,82007,31112,11443,"(7.58e+04,9.1e+04]","(-148,4.95e+04]","(2.19e+04,5.13e+04]","(1.31e+05,2.63e+05]","(-2.21,1.41e+03]","(-54.7,5.8e+04]","(1.02e+05,2.05e+05]","(0.646,0.97]","(6.67e+04,1.33e+05]","(1.84e+04,4.4e+04]","(2.19e+04,5.63e+04]","(-48.2,1.61e+04]"
21,COMPUTER SCIENCE,Computers & Mathematics,128319,1196,1837,2524,0.578766338,70932,53000,39000,70000,68622,25667,5144,"(6.07e+04,7.58e+04]","(-148,4.95e+04]","(5.13e+04,8.07e+04]","(-270,1.31e+05]","(-2.21,1.41e+03]","(-54.7,5.8e+04]","(-307,1.02e+05]","(0.323,0.646]","(6.67e+04,1.33e+05]","(1.84e+04,4.4e+04]","(5.63e+04,9.07e+04]","(-48.2,1.61e+04]"
146,PSYCHOLOGY,Psychology & Social Work,393735,2584,86648,307087,0.779933204,174438,31500,24000,41000,125148,141860,48207,"(1.21e+05,1.36e+05]","(9.89e+04,1.49e+05]","(2.19e+04,5.13e+04]","(2.63e+05,3.94e+05]","(1.41e+03,2.81e+03]","(5.8e+04,1.16e+05]","(2.05e+05,3.07e+05]","(0.646,0.97]","(1.33e+05,2e+05]","(1.84e+04,4.4e+04]","(2.19e+04,5.63e+04]","(3.21e+04,4.83e+04]"
139,ELEMENTARY EDUCATION,Education,170862,1629,13029,157833,0.923745479,86540,32000,23400,38000,108085,36972,11502,"(1.06e+05,1.21e+05]","(-148,4.95e+04]","(2.19e+04,5.13e+04]","(1.31e+05,2.63e+05]","(1.41e+03,2.81e+03]","(-54.7,5.8e+04]","(1.02e+05,2.05e+05]","(0.646,0.97]","(6.67e+04,1.33e+05]","(1.84e+04,4.4e+04]","(2.19e+04,5.63e+04]","(-48.2,1.61e+04]"
94,COMMUNICATIONS,Communications & Journalism,213996,2394,476,209,0.305109489,116251,35000,27000,45000,40763,97964,27440,"(3.03e+04,4.55e+04]","(4.95e+04,9.89e+04]","(2.19e+04,5.13e+04]","(1.31e+05,2.63e+05]","(1.41e+03,2.81e+03]","(-54.7,5.8e+04]","(-307,1.02e+05]","(-0.000969,0.323]","(6.67e+04,1.33e+05]","(1.84e+04,4.4e+04]","(2.19e+04,5.63e+04]","(1.61e+04,3.21e+04]"
138,ENGLISH LANGUAGE AND LITERATURE,Humanities & Liberal Arts,194673,1436,4897,2519,0.339670982,81180,32000,23000,41000,57690,71827,26503,"(4.55e+04,6.07e+04]","(4.95e+04,9.89e+04]","(2.19e+04,5.13e+04]","(1.31e+05,2.63e+05]","(1.41e+03,2.81e+03]","(-54.7,5.8e+04]","(-307,1.02e+05]","(0.323,0.646]","(6.67e+04,1.33e+05]","(1.84e+04,4.4e+04]","(2.19e+04,5.63e+04]","(1.61e+04,3.21e+04]"
79,POLITICAL SCIENCE AND GOVERNMENT,Social Science,182621,1387,93880,88741,0.485929877,83236,38000,28000,50000,36854,66947,19803,"(3.03e+04,4.55e+04]","(4.95e+04,9.89e+04]","(2.19e+04,5.13e+04]","(1.31e+05,2.63e+05]","(-2.21,1.41e+03]","(5.8e+04,1.16e+05]","(-307,1.02e+05]","(0.323,0.646]","(6.67e+04,1.33e+05]","(1.84e+04,4.4e+04]","(2.19e+04,5.63e+04]","(1.61e+04,3.21e+04]"
9,MECHANICAL ENGINEERING,Engineering,91227,1029,12953,2105,0.139792801,54639,60000,48000,70000,52844,16384,3253,"(4.55e+04,6.07e+04]","(-148,4.95e+04]","(5.13e+04,8.07e+04]","(-270,1.31e+05]","(-2.21,1.41e+03]","(-54.7,5.8e+04]","(-307,1.02e+05]","(-0.000969,0.323]","(-88.8,6.67e+04]","(4.4e+04,6.95e+04]","(5.63e+04,9.07e+04]","(-48.2,1.61e+04]"
42,MATHEMATICS,Computers & Mathematics,72397,541,9005,2908,0.244103081,33738,45000,33000,60000,34800,14829,4569,"(3.03e+04,4.55e+04]","(-148,4.95e+04]","(2.19e+04,5.13e+04]","(-270,1.31e+05]","(-2.21,1.41e+03]","(-54.7,5.8e+04]","(-307,1.02e+05]","(-0.000969,0.323]","(-88.8,6.67e+04]","(1.84e+04,4.4e+04]","(5.63e+04,9.07e+04]","(-48.2,1.61e+04]"
35,NURSING,Health,209394,2554,21773,187621,0.896018988,122817,48000,39000,58000,151643,26146,6193,"(1.36e+05,1.52e+05]","(-148,4.95e+04]","(2.19e+04,5.13e+04]","(1.31e+05,2.63e+05]","(1.41e+03,2.81e+03]","(-54.7,5.8e+04]","(1.02e+05,2.05e+05]","(0.646,0.97]","(6.67e+04,1.33e+05]","(1.84e+04,4.4e+04]","(5.63e+04,9.07e+04]","(-48.2,1.61e+04]"
124,BIOLOGY,Biology & Life Science,280709,1370,111762,168947,0.601858152,100336,33400,24000,45000,88232,81109,28339,"(7.58e+04,9.1e+04]","(4.95e+04,9.89e+04]","(2.19e+04,5.13e+04]","(2.63e+05,3.94e+05]","(-2.21,1.41e+03]","(5.8e+04,1.16e+05]","(1.02e+05,2.05e+05]","(0.323,0.646]","(6.67e+04,1.33e+05]","(1.84e+04,4.4e+04]","(2.19e+04,5.63e+04]","(1.61e+04,3.21e+04]"
114,GENERAL EDUCATION,Education,143718,919,26893,116825,0.812876606,73531,34000,26000,41000,82007,31112,11443,"(7.58e+04,9.1e+04]","(-148,4.95e+04]","(2.19e+04,5.13e+04]","(1.31e+05,2.63e+05]","(-2.21,1.41e+03]","(-54.7,5.8e+04]","(1.02e+05,2.05e+05]","(0.646,0.97]","(6.67e+04,1.33e+05]","(1.84e+04,4.4e+04]","(2.19e+04,5.63e+04]","(-48.2,1.61e+04]"
21,COMPUTER SCIENCE,Computers & Mathematics,128319,1196,1837,2524,0.578766338,70932,53000,39000,70000,68622,25667,5144,"(6.07e+04,7.58e+04]","(-148,4.95e+04]","(5.13e+04,8.07e+04]","(-270,1.31e+05]","(-2.21,1.41e+03]","(-54.7,5.8e+04]","(-307,1.02e+05]","(0.323,0.646]","(6.67e+04,1.33e+05]","(1.84e+04,4.4e+04]","(5.63e+04,9.07e+04]","(-48.2,1.61e+04]"
146,PSYCHOLOGY,Psychology & Social Work,393735,2584,86648,307087,0.779933204,174438,31500,24000,41000,125148,141860,48207,"(1.21e+05,1.36e+05]","(9.89e+04,1.49e+05]","(2.19e+04,5.13e+04]","(2.63e+05,3.94e+05]","(1.41e+03,2.81e+03]","(5.8e+04,1.16e+05]","(2.05e+05,3.07e+05]","(0.646,0.97]","(1.33e+05,2e+05]","(1.84e+04,4.4e+04]","(2.19e+04,5.63e+04]","(3.21e+04,4.83e+04]"
139,ELEMENTARY EDUCATION,Education,170862,1629,13029,157833,0.923745479,86540,32000,23400,38000,108085,36972,11502,"(1.06e+05,1.21e+05]","(-148,4.95e+04]","(2.19e+04,5.13e+04]","(1.31e+05,2.63e+05]","(1.41e+03,2.81e+03]","(-54.7,5.8e+04]","(1.02e+05,2.05e+05]","(0.646,0.97]","(6.67e+04,1.33e+05]","(1.84e+04,4.4e+04]","(2.19e+04,5.63e+04]","(-48.2,1.61e+04]"
94,COMMUNICATIONS,Communications & Journalism,213996,2394,476,209,0.305109489,116251,35000,27000,45000,40763,97964,27440,"(3.03e+04,4.55e+04]","(4.95e+04,9.89e+04]","(2.19e+04,5.13e+04]","(1.31e+05,2.63e+05]","(1.41e+03,2.81e+03]","(-54.7,5.8e+04]","(-307,1.02e+05]","(-0.000969,0.323]","(6.67e+04,1.33e+05]","(1.84e+04,4.4e+04]","(2.19e+04,5.63e+04]","(1.61e+04,3.21e+04]"
138,ENGLISH LANGUAGE AND LITERATURE,Humanities & Liberal Arts,194673,1436,4897,2519,0.339670982,81180,32000,23000,41000,57690,71827,26503,"(4.55e+04,6.07e+04]","(4.95e+04,9.89e+04]","(2.19e+04,5.13e+04]","(1.31e+05,2.63e+05]","(1.41e+03,2.81e+03]","(-54.7,5.8e+04]","(-307,1.02e+05]","(0.323,0.646]","(6.67e+04,1.33e+05]","(1.84e+04,4.4e+04]","(2.19e+04,5.63e+04]","(1.61e+04,3.21e+04]"
79,POLITICAL SCIENCE AND GOVERNMENT,Social Science,182621,1387,93880,88741,0.485929877,83236,38000,28000,50000,36854,66947,19803,"(3.03e+04,4.55e+04]","(4.95e+04,9.89e+04]","(2.19e+04,5.13e+04]","(1.31e+05,2.63e+05]","(-2.21,1.41e+03]","(5.8e+04,1.16e+05]","(-307,1.02e+05]","(0.323,0.646]","(6.67e+04,1.33e+05]","(1.84e+04,4.4e+04]","(2.19e+04,5.63e+04]","(1.61e+04,3.21e+04]"
9,MECHANICAL ENGINEERING,Engineering,91227,1029,12953,2105,0.139792801,54639,60000,48000,70000,52844,16384,3253,"(4.55e+04,6.07e+04]","(-148,4.95e+04]","(5.13e+04,8.07e+04]","(-270,1.31e+05]","(-2.21,1.41e+03]","(-54.7,5.8e+04]","(-307,1.02e+05]","(-0.000969,0.323]","(-88.8,6.67e+04]","(4.4e+04,6.95e+04]","(5.63e+04,9.07e+04]","(-48.2,1.61e+04]"
42,MATHEMATICS,Computers & Mathematics,72397,541,9005,2908,0.244103081,33738,45000,33000,60000,34800,14829,4569,"(3.03e+04,4.55e+04]","(-148,4.95e+04]","(2.19e+04,5.13e+04]","(-270,1.31e+05]","(-2.21,1.41e+03]","(-54.7,5.8e+04]","(-307,1.02e+05]","(-0.000969,0.323]","(-88.8,6.67e+04]","(1.84e+04,4.4e+04]","(5.63e+04,9.07e+04]","(-48.2,1.61e+04]"
35,NURSING,Health,209394,2554,21773,187621,0.896018988,122817,48000,39000,58000,151643,26146,6193,"(1.36e+05,1.52e+05]","(-148,4.95e+04]","(2.19e+04,5.13e+04]","(1.31e+05,2.63e+05]","(1.41e+03,2.81e+03]","(-54.7,5.8e+04]","(1.02e+05,2.05e+05]","(0.646,0.97]","(6.67e+04,1.33e+05]","(1.84e+04,4.4e+04]","(5.63e+04,9.07e+04]","(-48.2,1.61e+04]"
124,BIOLOGY,Biology & Life Science,280709,1370,111762,168947,0.601858152,100336,33400,24000,45000,88232,81109,28339,"(7.58e+04,9.1e+04]","(4.95e+04,9.89e+04]","(2.19e+04,5.13e+04]","(2.63e+05,3.94e+05]","(-2.21,1.41e+03]","(5.8e+04,1.16e+05]","(1.02e+05,2.05e+05]","(0.323,0.646]","(6.67e+04,1.33e+05]","(1.84e+04,4.4e+04]","(2.19e+04,5.63e+04]","(1.61e+04,3.21e+04]"
114,GENERAL EDUCATION,Education,143718,919,26893,116825,0.812876606,73531,34000,26000,41000,82007,31112,11443,"(7.58e+04,9.1e+04]","(-148,4.95e+04]","(2.19e+04,5.13e+04]","(1.31e+05,2.63e+05]","(-2.21,1.41e+03]","(-54.7,5.8e+04]","(1.02e+05,2.05e+05]","(0.646,0.97]","(6.67e+04,1.33e+05]","(1.84e+04,4.4e+04]","(2.19e+04,5.63e+04]","(-48.2,1.61e+04]"
21,COMPUTER SCIENCE,Computers & Mathematics,128319,1196,1837,2524,0.578766338,70932,53000,39000,70000,68622,25667,5144,"(6.07e+04,7.58e+04]","(-148,4.95e+04]","(5.13e+04,8.07e+04]","(-270,1.31e+05]","(-2.21,1.41e+03]","(-54.7,5.8e+04]","(-307,1.02e+05]","(0.323,0.646]","(6.67e+04,1.33e+05]","(1.84e+04,4.4e+04]","(5.63e+04,9.07e+04]","(-48.2,1.61e+04]"
146,PSYCHOLOGY,Psychology & Social Work,393735,2584,86648,307087,0.779933204,174438,31500,24000,41000,125148,141860,48207,"(1.21e+05,1.36e+05]","(9.89e+04,1.49e+05]","(2.19e+04,5.13e+04]","(2.63e+05,3.94e+05]","(1.41e+03,2.81e+03]","(5.8e+04,1.16e+05]","(2.05e+05,3.07e+05]","(0.646,0.97]","(1.33e+05,2e+05]","(1.84e+04,4.4e+04]","(2.19e+04,5.63e+04]","(3.21e+04,4.83e+04]"
139,ELEMENTARY EDUCATION,Education,170862,1629,13029,157833,0.923745479,86540,32000,23400,38000,108085,36972,11502,"(1.06e+05,1.21e+05]","(-148,4.95e+04]","(2.19e+04,5.13e+04]","(1.31e+05,2.63e+05]","(1.41e+03,2.81e+03]","(-54.7,5.8e+04]","(1.02e+05,2.05e+05]","(0.646,0.97]","(6.67e+04,1.33e+05]","(1.84e+04,4.4e+04]","(2.19e+04,5.63e+04]","(-48.2,1.61e+04]"
94,COMMUNICATIONS,Communications & Journalism,213996,2394,476,209,0.305109489,116251,35000,27000,45000,40763,97964,27440,"(3.03e+04,4.55e+04]","(4.95e+04,9.89e+04]","(2.19e+04,5.13e+04]","(1.31e+05,2.63e+05]","(1.41e+03,2.81e+03]","(-54.7,5.8e+04]","(-307,1.02e+05]","(-0.000969,0.323]","(6.67e+04,1.33e+05]","(1.84e+04,4.4e+04]","(2.19e+04,5.63e+04]","(1.61e+04,3.21e+04]"
138,ENGLISH LANGUAGE AND LITERATURE,Humanities & Liberal Arts,194673,1436,4897,2519,0.339670982,81180,32000,23000,41000,57690,71827,26503,"(4.55e+04,6.07e+04]","(4.95e+04,9.89e+04]","(2.19e+04,5.13e+04]","(1.31e+05,2.63e+05]","(1.41e+03,2.81e+03]","(-54.7,5.8e+04]","(-307,1.02e+05]","(0.323,0.646]","(6.67e+04,1.33e+05]","(1.84e+04,4.4e+04]","(2.19e+04,5.63e+04]","(1.61e+04,3.21e+04]"
79,POLITICAL SCIENCE AND GOVERNMENT,Social Science,182621,1387,93880,88741,0.485929877,83236,38000,28000,50000,36854,66947,19803,"(3.03e+04,4.55e+04]","(4.95e+04,9.89e+04]","(2.19e+04,5.13e+04]","(1.31e+05,2.63e+05]","(-2.21,1.41e+03]","(5.8e+04,1.16e+05]","(-307,1.02e+05]","(0.323,0.646]","(6.67e+04,1.33e+05]","(1.84e+04,4.4e+04]","(2.19e+04,5.63e+04]","(1.61e+04,3.21e+04]"
9,MECHANICAL ENGINEERING,Engineering,91227,1029,12953,2105,0.139792801,54639,60000,48000,70000,52844,16384,3253,"(4.55e+04,6.07e+04]","(-148,4.95e+04]","(5.13e+04,8.07e+04]","(-270,1.31e+05]","(-2.21,1.41e+03]","(-54.7,5.8e+04]","(-307,1.02e+05]","(-0.000969,0.323]","(-88.8,6.67e+04]","(4.4e+04,6.95e+04]","(5.63e+04,9.07e+04]","(-48.2,1.61e+04]"
42,MATHEMATICS,Computers & Mathematics,72397,541,9005,2908,0.244103081,33738,45000,33000,60000,34800,14829,4569,"(3.03e+04,4.55e+04]","(-148,4.95e+04]","(2.19e+04,5.13e+04]","(-270,1.31e+05]","(-2.21,1.41e+03]","(-54.7,5.8e+04]","(-307,1.02e+05]","(-0.000969,0.323]","(-88.8,6.67e+04]","(1.84e+04,4.4e+04]","(5.63e+04,9.07e+04]","(-48.2,1.61e+04]"
35,NURSING,Health,209394,2554,21773,187621,0.896018988,122817,48000,39000,58000,151643,26146,6193,"(1.36e+05,1.52e+05]","(-148,4.95e+04]","(2.19e+04,5.13e+04]","(1.31e+05,2.63e+05]","(1.41e+03,2.81e+03]","(-54.7,5.8e+04]","(1.02e+05,2.05e+05]","(0.646,0.97]","(6.67e+04,1.33e+05]","(1.84e+04,4.4e+04]","(5.63e+04,9.07e+04]","(-48.2,1.61e+04]"
124,BIOLOGY,Biology & Life Science,280709,1370,111762,168947,0.601858152,100336,33400,24000,45000,88232,81109,28339,"(7.58e+04,9.1e+04]","(4.95e+04,9.89e+04]","(2.19e+04,5.13e+04]","(2.63e+05,3.94e+05]","(-2.21,1.41e+03]","(5.8e+04,1.16e+05]","(1.02e+05,2.05e+05]","(0.323,0.646]","(6.67e+04,1.33e+05]","(1.84e+04,4.4e+04]","(2.19e+04,5.63e+04]","(1.61e+04,3.21e+04]"
114,GENERAL EDUCATION,Education,143718,919,26893,116825,0.812876606,73531,34000,26000,41000,82007,31112,11443,"(7.58e+04,9.1e+04]","(-148,4.95e+04]","(2.19e+04,5.13e+04]","(1.31e+05,2.63e+05]","(-2.21,1.41e+03]","(-54.7,5.8e+04]","(1.02e+05,2.05e+05]","(0.646,0.97]","(6.67e+04,1.33e+05]","(1.84e+04,4.4e+04]","(2.19e+04,5.63e+04]","(-48.2,1.61e+04]"
21,COMPUTER SCIENCE,Computers & Mathematics,128319,1196,1837,2524,0.578766338,70932,53000,39000,70000,68622,25667,5144,"(6.07e+04,7.58e+04]","(-148,4.95e+04]","(5.13e+04,8.07e+04]","(-270,1.31e+05]","(-2.21,1.41e+03]","(-54.7,5.8e+04]","(-307,1.02e+05]","(0.323,0.646]","(6.67e+04,1.33e+05]","(1.84e+04,4.4e+04]","(5.63e+04,9.07e+04]","(-48.2,1.61e+04]"
146,PSYCHOLOGY,Psychology & Social Work,393735,2584,86648,307087,0.779933204,174438,31500,24000,41000,125148,141860,48207,"(1.21e+05,1.36e+05]","(9.89e+04,1.49e+05]","(2.19e+04,5.13e+04]","(2.63e+05,3.94e+05]","(1.41e+03,2.81e+03]","(5.8e+04,1.16e+05]","(2.05e+05,3.07e+05]","(0.646,0.97]","(1.33e+05,2e+05]","(1.84e+04,4.4e+04]","(2.19e+04,5.63e+04]","(3.21e+04,4.83e+04]"
139,ELEMENTARY EDUCATION,Education,170862,1629,13029,157833,0.923745479,86540,32000,23400,38000,108085,36972,11502,"(1.06e+05,1.21e+05]","(-148,4.95e+04]","(2.19e+04,5.13e+04]","(1.31e+05,2.63e+05]","(1.41e+03,2.81e+03]","(-54.7,5.8e+04]","(1.02e+05,2.05e+05]","(0.646,0.97]","(6.67e+04,1.33e+05]","(1.84e+04,4.4e+04]","(2.19e+04,5.63e+04]","(-48.2,1.61e+04]"
94,COMMUNICATIONS,Communications & Journalism,213996,2394,476,209,0.305109489,116251,35000,27000,45000,40763,97964,27440,"(3.03e+04,4.55e+04]","(4.95e+04,9.89e+04]","(2.19e+04,5.13e+04]","(1.31e+05,2.63e+05]","(1.41e+03,2.81e+03]","(-54.7,5.8e+04]","(-307,1.02e+05]","(-0.000969,0.323]","(6.67e+04,1.33e+05]","(1.84e+04,4.4e+04]","(2.19e+04,5.63e+04]","(1.61e+04,3.21e+04]"
138,ENGLISH LANGUAGE AND LITERATURE,Humanities & Liberal Arts,194673,1436,4897,2519,0.339670982,81180,32000,23000,41000,57690,71827,26503,"(4.55e+04,6.07e+04]","(4.95e+04,9.89e+04]","(2.19e+04,5.13e+04]","(1.31e+05,2.63e+05]","(1.41e+03,2.81e+03]","(-54.7,5.8e+04]","(-307,1.02e+05]","(0.323,0.646]","(6.67e+04,1.33e+05]","(1.84e+04,4.4e+04]","(2.19e+04,5.63e+04]","(1.61e+04,3.21e+04]"
79,POLITICAL SCIENCE AND GOVERNMENT,Social Science,182621,1387,93880,88741,0.485929877,83236,38000,28000,50000,36854,66947,19803,"(3.03e+04,4.55e+04]","(4.95e+04,9.89e+04]","(2.19e+04,5.13e+04]","(1.31e+05,2.63e+05]","(-2.21,1.41e+03]","(5.8e+04,1.16e+05]","(-307,1.02e+05]","(0.323,0.646]","(6.67e+04,1.33e+05]","(1.84e+04,4.4e+04]","(2.19e+04,5.63e+04]","(1.61e+04,3.21e+04]"
9,MECHANICAL ENGINEERING,Engineering,91227,1029,12953,2105,0.139792801,54639,60000,48000,70000,52844,16384,3253,"(4.55e+04,6.07e+04]","(-148,4.95e+04]","(5.13e+04,8.07e+04]","(-270,1.31e+05]","(-2.21,1.41e+03]","(-54.7,5.8e+04]","(-307,1.02e+05]","(-0.000969,0.323]","(-88.8,6.67e+04]","(4.4e+04,6.95e+04]","(5.63e+04,9.07e+04]","(-48.2,1.61e+04]"
42,MATHEMATICS,Computers & Mathematics,72397,541,9005,2908,0.244103081,33738,45000,33000,60000,34800,14829,4569,"(3.03e+04,4.55e+04]","(-148,4.95e+04]","(2.19e+04,5.13e+04]","(-270,1.31e+05]","(-2.21,1.41e+03]","(-54.7,5.8e+04]","(-307,1.02e+05]","(-0.000969,0.323]","(-88.8,6.67e+04]","(1.84e+04,4.4e+04]","(5.63e+04,9.07e+04]","(-48.2,1.61e+04]"
35,NURSING,Health,209394,2554,21773,187621,0.896018988,122817,48000,39000,58000,151643,26146,6193,"(1.36e+05,1.52e+05]","(-148,4.95e+04]","(2.19e+04,5.13e+04]","(1.31e+05,2.63e+05]","(1.41e+03,2.81e+03]","(-54.7,5.8e+04]","(1.02e+05,2.05e+05]","(0.646,0.97]","(6.67e+04,1.33e+05]","(1.84e+04,4.4e+04]","(5.63e+04,9.07e+04]","(-48.2,1.61e+04]"
124,BIOLOGY,Biology & Life Science,280709,1370,111762,168947,0.601858152,100336,33400,24000,45000,88232,81109,28339,"(7.58e+04,9.1e+04]","(4.95e+04,9.89e+04]","(2.19e+04,5.13e+04]","(2.63e+05,3.94e+05]","(-2.21,1.41e+03]","(5.8e+04,1.16e+05]","(1.02e+05,2.05e+05]","(0.323,0.646]","(6.67e+04,1.33e+05]","(1.84e+04,4.4e+04]","(2.19e+04,5.63e+04]","(1.61e+04,3.21e+04]"
114,GENERAL EDUCATION,Education,143718,919,26893,116825,0.812876606,73531,34000,26000,41000,82007,31112,11443,"(7.58e+04,9.1e+04]","(-148,4.95e+04]","(2.19e+04,5.13e+04]","(1.31e+05,2.63e+05]","(-2.21,1.41e+03]","(-54.7,5.8e+04]","(1.02e+05,2.05e+05]","(0.646,0.97]","(6.67e+04,1.33e+05]","(1.84e+04,4.4e+04]","(2.19e+04,5.63e+04]","(-48.2,1.61e+04]"
21,COMPUTER SCIENCE,Computers & Mathematics,128319,1196,1837,2524,0.578766338,70932,53000,39000,70000,68622,25667,5144,"(6.07e+04,7.58e+04]","(-148,4.95e+04]","(5.13e+04,8.07e+04]","(-270,1.31e+05]","(-2.21,1.41e+03]","(-54.7,5.8e+04]","(-307,1.02e+05]","(0.323,0.646]","(6.67e+04,1.33e+05]","(1.84e+04,4.4e+04]","(5.63e+04,9.07e+04]","(-48.2,1.61e+04]"
146,PSYCHOLOGY,Psychology & Social Work,393735,2584,86648,307087,0.779933204,174438,31500,24000,41000,125148,141860,48207,"(1.21e+05,1.36e+05]","(9.89e+04,1.49e+05]","(2.19e+04,5.13e+04]","(2.63e+05,3.94e+05]","(1.41e+03,2.81e+03]","(5.8e+04,1.16e+05]","(2.05e+05,3.07e+05]","(0.646,0.97]","(1.33e+05,2e+05]","(1.84e+04,4.4e+04]","(2.19e+04,5.63e+04]","(3.21e+04,4.83e+04]"
139,ELEMENTARY EDUCATION,Education,170862,1629,13029,157833,0.923745479,86540,32000,23400,38000,108085,36972,11502,"(1.06e+05,1.21e+05]","(-148,4.95e+04]","(2.19e+04,5.13e+04]","(1.31e+05,2.63e+05]","(1.41e+03,2.81e+03]","(-54.7,5.8e+04]","(1.02e+05,2.05e+05]","(0.646,0.97]","(6.67e+04,1.33e+05]","(1.84e+04,4.4e+04]","(2.19e+04,5.63e+04]","(-48.2,1.61e+04]"
94,COMMUNICATIONS,Communications & Journalism,213996,2394,476,209,0.305109489,116251,35000,27000,45000,40763,97964,27440,"(3.03e+04,4.55e+04]","(4.95e+04,9.89e+04]","(2.19e+04,5.13e+04]","(1.31e+05,2.63e+05]","(1.41e+03,2.81e+03]","(-54.7,5.8e+04]","(-307,1.02e+05]","(-0.000969,0.323]","(6.67e+04,1.33e+05]","(1.84e+04,4.4e+04]","(2.19e+04,5.63e+04]","(1.61e+04,3.21e+04]"
138,ENGLISH LANGUAGE AND LITERATURE,Humanities & Liberal Arts,194673,1436,4897,2519,0.339670982,81180,32000,23000,41000,57690,71827,26503,"(4.55e+04,6.07e+04]","(4.95e+04,9.89e+04]","(2.19e+04,5.13e+04]","(1.31e+05,2.63e+05]","(1.41e+03,2.81e+03]","(-54.7,5.8e+04]","(-307,1.02e+05]","(0.323,0.646]","(6.67e+04,1.33e+05]","(1.84e+04,4.4e+04]","(2.19e+04,5.63e+04]","(1.61e+04,3.21e+04]"
79,POLITICAL SCIENCE AND GOVERNMENT,Social Science,182621,1387,93880,88741,0.485929877,83236,38000,28000,50000,36854,66947,19803,"(3.03e+04,4.55e+04]","(4.95e+04,9.89e+04]","(2.19e+04,5.13e+04]","(1.31e+05,2.63e+05]","(-2.21,1.41e+03]","(5.8e+04,1.16e+05]","(-307,1.02e+05]","(0.323,0.646]","(6.67e+04,1.33e+05]","(1.84e+04,4.4e+04]","(2.19e+04,5.63e+04]","(1.61e+04,3.21e+04]"
9,MECHANICAL ENGINEERING,Engineering,91227,1029,12953,2105,0.139792801,54639,60000,48000,70000,52844,16384,3253,"(4.55e+04,6.07e+04]","(-148,4.95e+04]","(5.13e+04,8.07e+04]","(-270,1.31e+05]","(-2.21,1.41e+03]","(-54.7,5.8e+04]","(-307,1.02e+05]","(-0.000969,0.323]","(-88.8,6.67e+04]","(4.4e+04,6.95e+04]","(5.63e+04,9.07e+04]","(-48.2,1.61e+04]"
42,MATHEMATICS,Computers & Mathematics,72397,541,9005,2908,0.244103081,33738,45000,33000,60000,34800,14829,4569,"(3.03e+04,4.55e+04]","(-148,4.95e+04]","(2.19e+04,5.13e+04]","(-270,1.31e+05]","(-2.21,1.41e+03]","(-54.7,5.8e+04]","(-307,1.02e+05]","(-0.000969,0.323]","(-88.8,6.67e+04]","(1.84e+04,4.4e+04]","(5.63e+04,9.07e+04]","(-48.2,1.61e+04]"
35,NURSING,Health,209394,2554,21773,187621,0.896018988,122817,48000,39000,58000,151643,26146,6193,"(1.36e+05,1.52e+05]","(-148,4.95e+04]","(2.19e+04,5.13e+04]","(1.31e+05,2.63e+05]","(1.41e+03,2.81e+03]","(-54.7,5.8e+04]","(1.02e+05,2.05e+05]","(0.646,0.97]","(6.67e+04,1.33e+05]","(1.84e+04,4.4e+04]","(5.63e+04,9.07e+04]","(-48.2,1.61e+04]"
124,BIOLOGY,Biology & Life Science,280709,1370,111762,168947,0.601858152,100336,33400,24000,45000,88232,81109,28339,"(7.58e+04,9.1e+04]","(4.95e+04,9.89e+04]","(2.19e+04,5.13e+04]","(2.63e+05,3.94e+05]","(-2.21,1.41e+03]","(5.8e+04,1.16e+05]","(1.02e+05,2.05e+05]","(0.323,0.646]","(6.67e+04,1.33e+05]","(1.84e+04,4.4e+04]","(2.19e+04,5.63e+04]","(1.61e+04,3.21e+04]"
114,GENERAL EDUCATION,Education,143718,919,26893,116825,0.812876606,73531,34000,26000,41000,82007,31112,11443,"(7.58e+04,9.1e+04]","(-148,4.95e+04]","(2.19e+04,5.13e+04]","(1.31e+05,2.63e+05]","(-2.21,1.41e+03]","(-54.7,5.8e+04]","(1.02e+05,2.05e+05]","(0.646,0.97]","(6.67e+04,1.33e+05]","(1.84e+04,4.4e+04]","(2.19e+04,5.63e+04]","(-48.2,1.61e+04]"
21,COMPUTER SCIENCE,Computers & Mathematics,128319,1196,1837,2524,0.578766338,70932,53000,39000,70000,68622,25667,5144,"(6.07e+04,7.58e+04]","(-148,4.95e+04]","(5.13e+04,8.07e+04]","(-270,1.31e+05]","(-2.21,1.41e+03]","(-54.7,5.8e+04]","(-307,1.02e+05]","(0.323,0.646]","(6.67e+04,1.33e+05]","(1.84e+04,4.4e+04]","(5.63e+04,9.07e+04]","(-48.2,1.61e+04]"
146,PSYCHOLOGY,Psychology & Social Work,393735,2584,86648,307087,0.779933204,174438,31500,24000,41000,125148,141860,48207,"(1.21e+05,1.36e+05]","(9.89e+04,1.49e+05]","(2.19e+04,5.13e+04]","(2.63e+05,3.94e+05]","(1.41e+03,2.81e+03]","(5.8e+04,1.16e+05]","(2.05e+05,3.07e+05]","(0.646,0.97]","(1.33e+05,2e+05]","(1.84e+04,4.4e+04]","(2.19e+04,5.63e+04]","(3.21e+04,4.83e+04]"
139,ELEMENTARY EDUCATION,Education,170862,1629,13029,157833,0.923745479,86540,32000,23400,38000,108085,36972,11502,"(1.06e+05,1.21e+05]","(-148,4.95e+04]","(2.19e+04,5.13e+04]","(1.31e+05,2.63e+05]","(1.41e+03,2.81e+03]","(-54.7,5.8e+04]","(1.02e+05,2.05e+05]","(0.646,0.97]","(6.67e+04,1.33e+05]","(1.84e+04,4.4e+04]","(2.19e+04,5.63e+04]","(-48.2,1.61e+04]"
94,COMMUNICATIONS,Communications & Journalism,213996,2394,476,209,0.305109489,116251,35000,27000,45000,40763,97964,27440,"(3.03e+04,4.55e+04]","(4.95e+04,9.89e+04]","(2.19e+04,5.13e+04]","(1.31e+05,2.63e+05]","(1.41e+03,2.81e+03]","(-54.7,5.8e+04]","(-307,1.02e+05]","(-0.000969,0.323]","(6.67e+04,1.33e+05]","(1.84e+04,4.4e+04]","(2.19e+04,5.63e+04]","(1.61e+04,3.21e+04]"
138,ENGLISH LANGUAGE AND LITERATURE,Humanities & Liberal Arts,194673,1436,4897,2519,0.339670982,81180,32000,23000,41000,57690,71827,26503,"(4.55e+04,6.07e+04]","(4.95e+04,9.89e+04]","(2.19e+04,5.13e+04]","(1.31e+05,2.63e+05]","(1.41e+03,2.81e+03]","(-54.7,5.8e+04]","(-307,1.02e+05]","(0.323,0.646]","(6.67e+04,1.33e+05]","(1.84e+04,4.4e+04]","(2.19e+04,5.63e+04]","(1.61e+04,3.21e+04]"
79,POLITICAL SCIENCE AND GOVERNMENT,Social Science,182621,1387,93880,88741,0.485929877,83236,38000,28000,50000,36854,66947,19803,"(3.03e+04,4.55e+04]","(4.95e+04,9.89e+04]","(2.19e+04,5.13e+04]","(1.31e+05,2.63e+05]","(-2.21,1.41e+03]","(5.8e+04,1.16e+05]","(-307,1.02e+05]","(0.323,0.646]","(6.67e+04,1.33e+05]","(1.84e+04,4.4e+04]","(2.19e+04,5.63e+04]","(1.61e+04,3.21e+04]"
9,MECHANICAL ENGINEERING,Engineering,91227,1029,12953,2105,0.139792801,54639,60000,48000,70000,52844,16384,3253,"(4.55e+04,6.07e+04]","(-148,4.95e+04]","(5.13e+04,8.07e+04]","(-270,1.31e+05]","(-2.21,1.41e+03]","(-54.7,5.8e+04]","(-307,1.02e+05]","(-0.000969,0.323]","(-88.8,6.67e+04]","(4.4e+04,6.95e+04]","(5.63e+04,9.07e+04]","(-48.2,1.61e+04]"
42,MATHEMATICS,Computers & Mathematics,72397,541,9005,2908,0.244103081,33738,45000,33000,60000,34800,14829,4569,"(3.03e+04,4.55e+04]","(-148,4.95e+04]","(2.19e+04,5.13e+04]","(-270,1.31e+05]","(-2.21,1.41e+03]","(-54.7,5.8e+04]","(-307,1.02e+05]","(-0.000969,0.323]","(-88.8,6.67e+04]","(1.84e+04,4.4e+04]","(5.63e+04,9.07e+04]","(-48.2,1.61e+04]"
35,NURSING,Health,209394,2554,21773,187621,0.896018988,122817,48000,39000,58000,151643,26146,6193,"(1.36e+05,1.52e+05]","(-148,4.95e+04]","(2.19e+04,5.13e+04]","(1.31e+05,2.63e+05]","(1.41e+03,2.81e+03]","(-54.7,5.8e+04]","(1.02e+05,2.05e+05]","(0.646,0.97]","(6.67e+04,1.33e+05]","(1.84e+04,4.4e+04]","(5.63e+04,9.07e+04]","(-48.2,1.61e+04]"
124,BIOLOGY,Biology & Life Science,280709,1370,111762,168947,0.601858152,100336,33400,24000,45000,88232,81109,28339,"(7.58e+04,9.1e+04]","(4.95e+04,9.89e+04]","(2.19e+04,5.13e+04]","(2.63e+05,3.94e+05]","(-2.21,1.41e+03]","(5.8e+04,1.16e+05]","(1.02e+05,2.05e+05]","(0.323,0.646]","(6.67e+04,1.33e+05]","(1.84e+04,4.4e+04]","(2.19e+04,5.63e+04]","(1.61e+04,3.21e+04]"
114,GENERAL EDUCATION,Education,143718,919,26893,116825,0.812876606,73531,34000,26000,41000,82007,31112,11443,"(7.58e+04,9.1e+04]","(-148,4.95e+04]","(2.19e+04,5.13e+04]","(1.31e+05,2.63e+05]","(-2.21,1.41e+03]","(-54.7,5.8e+04]","(1.02e+05,2.05e+05]","(0.646,0.97]","(6.67e+04,1.33e+05]","(1.84e+04,4.4e+04]","(2.19e+04,5.63e+04]","(-48.2,1.61e+04]"
21,COMPUTER SCIENCE,Computers & Mathematics,128319,1196,1837,2524,0.578766338,70932,53000,39000,70000,68622,25667,5144,"(6.07e+04,7.58e+04]","(-148,4.95e+04]","(5.13e+04,8.07e+04]","(-270,1.31e+05]","(-2.21,1.41e+03]","(-54.7,5.8e+04]","(-307,1.02e+05]","(0.323,0.646]","(6.67e+04,1.33e+05]","(1.84e+04,4.4e+04]","(5.63e+04,9.07e+04]","(-48.2,1.61e+04]"
146,PSYCHOLOGY,Psychology & Social Work,393735,2584,86648,307087,0.779933204,174438,31500,24000,41000,125148,141860,48207,"(1.21e+05,1.36e+05]","(9.89e+04,1.49e+05]","(2.19e+04,5.13e+04]","(2.63e+05,3.94e+05]","(1.41e+03,2.81e+03]","(5.8e+04,1.16e+05]","(2.05e+05,3.07e+05]","(0.646,0.97]","(1.33e+05,2e+05]","(1.84e+04,4.4e+04]","(2.19e+04,5.63e+04]","(3.21e+04,4.83e+04]"
139,ELEMENTARY EDUCATION,Education,170862,1629,13029,157833,0.923745479,86540,32000,23400,38000,108085,36972,11502,"(1.06e+05,1.21e+05]","(-148,4.95e+04]","(2.19e+04,5.13e+04]","(1.31e+05,2.63e+05]","(1.41e+03,2.81e+03]","(-54.7,5.8e+04]","(1.02e+05,2.05e+05]","(0.646,0.97]","(6.67e+04,1.33e+05]","(1.84e+04,4.4e+04]","(2.19e+04,5.63e+04]","(-48.2,1.61e+04]"
94,COMMUNICATIONS,Communications & Journalism,213996,2394,476,209,0.305109489,116251,35000,27000,45000,40763,97964,27440,"(3.03e+04,4.55e+04]","(4.95e+04,9.89e+04]","(2.19e+04,5.13e+04]","(1.31e+05,2.63e+05]","(1.41e+03,2.81e+03]","(-54.7,5.8e+04]","(-307,1.02e+05]","(-0.000969,0.323]","(6.67e+04,1.33e+05]","(1.84e+04,4.4e+04]","(2.19e+04,5.63e+04]","(1.61e+04,3.21e+04]"
138,ENGLISH LANGUAGE AND LITERATURE,Humanities & Liberal Arts,194673,1436,4897,2519,0.339670982,81180,32000,23000,41000,57690,71827,26503,"(4.55e+04,6.07e+04]","(4.95e+04,9.89e+04]","(2.19e+04,5.13e+04]","(1.31e+05,2.63e+05]","(1.41e+03,2.81e+03]","(-54.7,5.8e+04]","(-307,1.02e+05]","(0.323,0.646]","(6.67e+04,1.33e+05]","(1.84e+04,4.4e+04]","(2.19e+04,5.63e+04]","(1.61e+04,3.21e+04]"
79,POLITICAL SCIENCE AND GOVERNMENT,Social Science,182621,1387,93880,88741,0.485929877,83236,38000,28000,50000,36854,66947,19803,"(3.03e+04,4.55e+04]","(4.95e+04,9.89e+04]","(2.19e+04,5.13e+04]","(1.31e+05,2.63e+05]","(-2.21,1.41e+03]","(5.8e+04,1.16e+05]","(-307,1.02e+05]","(0.323,0.646]","(6.67e+04,1.33e+05]","(1.84e+04,4.4e+04]","(2.19e+04,5.63e+04]","(1.61e+04,3.21e+04]"
9,MECHANICAL ENGINEERING,Engineering,91227,1029,12953,2105,0.139792801,54639,60000,48000,70000,52844,16384,3253,"(4.55e+04,6.07e+04]","(-148,4.95e+04]","(5.13e+04,8.07e+04]","(-270,1.31e+05]","(-2.21,1.41e+03]","(-54.7,5.8e+04]","(-307,1.02e+05]","(-0.000969,0.323]","(-88.8,6.67e+04]","(4.4e+04,6.95e+04]","(5.63e+04,9.07e+04]","(-48.2,1.61e+04]"
42,MATHEMATICS,Computers & Mathematics,72397,541,9005,2908,0.244103081,33738,45000,33000,60000,34800,14829,4569,"(3.03e+04,4.55e+04]","(-148,4.95e+04]","(2.19e+04,5.13e+04]","(-270,1.31e+05]","(-2.21,1.41e+03]","(-54.7,5.8e+04]","(-307,1.02e+05]","(-0.000969,0.323]","(-88.8,6.67e+04]","(1.84e+04,4.4e+04]","(5.63e+04,9.07e+04]","(-48.2,1.61e+04]"
35,NURSING,Health,209394,2554,21773,187621,0.896018988,122817,48000,39000,58000,151643,26146,6193,"(1.36e+05,1.52e+05]","(-148,4.95e+04]","(2.19e+04,5.13e+04]","(1.31e+05,2.63e+05]","(1.41e+03,2.81e+03]","(-54.7,5.8e+04]","(1.02e+05,2.05e+05]","(0.646,0.97]","(6.67e+04,1.33e+05]","(1.84e+04,4.4e+04]","(5.63e+04,9.07e+04]","(-48.2,1.61e+04]"
124,BIOLOGY,Biology & Life Science,280709,1370,111762,168947,0.601858152,100336,33400,24000,45000,88232,81109,28339,"(7.58e+04,9.1e+04]","(4.95e+04,9.89e+04]","(2.19e+04,5.13e+04]","(2.63e+05,3.94e+05]","(-2.21,1.41e+03]","(5.8e+04,1.16e+05]","(1.02e+05,2.05e+05]","(0.323,0.646]","(6.67e+04,1.33e+05]","(1.84e+04,4.4e+04]","(2.19e+04,5.63e+04]","(1.61e+04,3.21e+04]"
114,GENERAL EDUCATION,Education,143718,919,26893,116825,0.812876606,73531,34000,26000,41000,82007,31112,11443,"(7.58e+04,9.1e+04]","(-148,4.95e+04]","(2.19e+04,5.13e+04]","(1.31e+05,2.63e+05]","(-2.21,1.41e+03]","(-54.7,5.8e+04]","(1.02e+05,2.05e+05]","(0.646,0.97]","(6.67e+04,1.33e+05]","(1.84e+04,4.4e+04]","(2.19e+04,5.63e+04]","(-48.2,1.61e+04]"
21,COMPUTER SCIENCE,Computers & Mathematics,128319,1196,1837,2524,0.578766338,70932,53000,39000,70000,68622,25667,5144,"(6.07e+04,7.58e+04]","(-148,4.95e+04]","(5.13e+04,8.07e+04]","(-270,1.31e+05]","(-2.21,1.41e+03]","(-54.7,5.8e+04]","(-307,1.02e+05]","(0.323,0.646]","(6.67e+04,1.33e+05]","(1.84e+04,4.4e+04]","(5.63e+04,9.07e+04]","(-48.2,1.61e+04]"
146,PSYCHOLOGY,Psychology & Social Work,393735,2584,86648,307087,0.779933204,174438,31500,24000,41000,125148,141860,48207,"(1.21e+05,1.36e+05]","(9.89e+04,1.49e+05]","(2.19e+04,5.13e+04]","(2.63e+05,3.94e+05]","(1.41e+03,2.81e+03]","(5.8e+04,1.16e+05]","(2.05e+05,3.07e+05]","(0.646,0.97]","(1.33e+05,2e+05]","(1.84e+04,4.4e+04]","(2.19e+04,5.63e+04]","(3.21e+04,4.83e+04]"
139,ELEMENTARY EDUCATION,Education,170862,1629,13029,157833,0.923745479,86540,32000,23400,38000,108085,36972,11502,"(1.06e+05,1.21e+05]","(-148,4.95e+04]","(2.19e+04,5.13e+04]","(1.31e+05,2.63e+05]","(1.41e+03,2.81e+03]","(-54.7,5.8e+04]","(1.02e+05,2.05e+05]","(0.646,0.97]","(6.67e+04,1.33e+05]","(1.84e+04,4.4e+04]","(2.19e+04,5.63e+04]","(-48.2,1.61e+04]"
94,COMMUNICATIONS,Communications & Journalism,213996,2394,476,209,0.305109489,116251,35000,27000,45000,40763,97964,27440,"(3.03e+04,4.55e+04]","(4.95e+04,9.89e+04]","(2.19e+04,5.13e+04]","(1.31e+05,2.63e+05]","(1.41e+03,2.81e+03]","(-54.7,5.8e+04]","(-307,1.02e+05]","(-0.000969,0.323]","(6.67e+04,1.33e+05]","(1.84e+04,4.4e+04]","(2.19e+04,5.63e+04]","(1.61e+04,3.21e+04]"
138,ENGLISH LANGUAGE AND LITERATURE,Humanities & Liberal Arts,194673,1436,4897,2519,0.339670982,81180,32000,23000,41000,57690,71827,26503,"(4.55e+04,6.07e+04]","(4.95e+04,9.89e+04]","(2.19e+04,5.13e+04]","(1.31e+05,2.63e+05]","(1.41e+03,2.81e+03]","(-54.7,5.8e+04]","(-307,1.02e+05]","(0.323,0.646]","(6.67e+04,1.33e+05]","(1.84e+04,4.4e+04]","(2.19e+04,5.63e+04]","(1.61e+04,3.21e+04]"
79,POLITICAL SCIENCE AND GOVERNMENT,Social Science,182621,1387,93880,88741,0.485929877,83236,38000,28000,50000,36854,66947,19803,"(3.03e+04,4.55e+04]","(4.95e+04,9.89e+04]","(2.19e+04,5.13e+04]","(1.31e+05,2.63e+05]","(-2.21,1.41e+03]","(5.8e+04,1.16e+05]","(-307,1.02e+05]","(0.323,0.646]","(6.67e+04,1.33e+05]","(1.84e+04,4.4e+04]","(2.19e+04,5.63e+04]","(1.61e+04,3.21e+04]"
9,MECHANICAL ENGINEERING,Engineering,91227,1029,12953,2105,0.139792801,54639,60000,48000,70000,52844,16384,3253,"(4.55e+04,6.07e+04]","(-148,4.95e+04]","(5.13e+04,8.07e+04]","(-270,1.31e+05]","(-2.21,1.41e+03]","(-54.7,5.8e+04]","(-307,1.02e+05]","(-0.000969,0.323]","(-88.8,6.67e+04]","(4.4e+04,6.95e+04]","(5.63e+04,9.07e+04]","(-48.2,1.61e+04]"
42,MATHEMATICS,Computers & Mathematics,72397,541,9005,2908,0.244103081,33738,45000,33000,60000,34800,14829,4569,"(3.03e+04,4.55e+04]","(-148,4.95e+04]","(2.19e+04,5.13e+04]","(-270,1.31e+05]","(-2.21,1.41e+03]","(-54.7,5.8e+04]","(-307,1.02e+05]","(-0.000969,0.323]","(-88.8,6.67e+04]","(1.84e+04,4.4e+04]","(5.63e+04,9.07e+04]","(-48.2,1.61e+04]"
